FileId,ChunkSize,NumChunks
105,1795162112,1174470656

Year,Month,Day,Hours,Minutes,Seconds,3v3 Voltage,3v3 Current Ch1,3v3 Current Ch2,5V Voltage,5V Current Ch1,5V Current Ch2,6V Voltage,6V Current Ch1,12V Voltage,12V Current Ch1,12V Current Ch2,MPPT1 Voltage,MPPT1 Current,MPPT2 Voltage,MPPT2 Current,Bat Voltage,Bat Current,Bat Temp,MCU Temp,Roll,Pitch,Yaw,omegaX,omegaY,omegaZ,xRw Speed,yRw Speed,zRw Speed,xMag Current,yMag Current,zMag Current,Detumble Scale,EPS Faults,OBC Faults,ADCS Faults,Payload Faults,Comms Faults
2026,6,5,5,44,17,3.2997099999999997,0.0017908,0.00161172,4.8420410006,0.5157152,0.0024794,5.1723632652,0.0,11.884842,0.00241758,0.00161172,0.003,0.0,0.003,0.0,14.933,-0.12,22,23,0.0,0.0,0.0,0.0,0.0,0.0,0.0,0.0,0.0,0.0,0.0,0.0,0.0,0,0,0,0,0
2026,6,5,5,44,18,3.273275,0.0,0.00080586,4.845263656839999,0.5591047,0.0012397,5.156249984,0.007326,11.949822000000001,0.00161172,0.00080586,0.003,0.0,0.003,0.0,15.037,-0.122,22,22,0.0,0.0,0.0,0.0,0.0,0.0,0.0,0.0,0.0,0.0,0.0,0.0,0.0,0,0,0,0,0
2026,6,5,5,44,19,3.273275,0.0,0.00080586,4.8468749849599995,0.5566253,0.0024794,5.1804199058,0.0,11.910834000000001,0.00161172,0.00080586,0.003,0.0,0.003,0.0,15.037,-0.122,22,22,0.0,0.0,0.0,0.0,0.0,0.0,0.0,0.0,0.0,0.0,0.0,0.0,0.0,0,0,0,0,0
2026,6,5,5,44,20,3.295045,0.0,0.00161172,4.83881834436,0.5491871,0.0012397,5.15786131212,0.007326,11.92383,0.0,0.00161172,0.003,0.0,0.003,0.0,14.961,-0.17400000000000002,22,23,0.0,0.0,0.0,0.0,0.0,0.0,0.0,0.0,0.0,0.0,0.0,0.0,0.0,0,0,0,0,0
2026,6,5,5,44,21,3.295045,0.0008954,0.00161172,4.85332029744,0.5727414000000001,0.0024794,5.16752928084,0.003663,11.949822000000001,0.0,0.00161172,0.003,0.0,0.003,0.0,15.085,-0.10300000000000001,22,21,0.0,0.0,0.0,0.0,0.0,0.0,0.0,0.0,0.0,0.0,0.0,0.0,0.0,0,0,0,0,0
2026,6,5,5,44,22,3.295045,0.0008954,0.00080586,4.85332029744,0.5392695000000001,0.0,5.156249984,0.007326,11.943324,0.00080586,0.00080586,0.003,0.0,0.003,0.0,14.989,-0.177,22,22,0.0,0.0,0.0,0.0,0.0,0.0,0.0,0.0,0.0,0.0,0.0,0.0,0.0,0,0,0,0,0
2026,6,5,5,44,23,3.2826049999999998,0.0008954,0.00161172,4.8500976412,0.5169549,0.0012397,5.156249984,0.003663,11.943324,0.00241758,0.00161172,0.003,0.0,0.0,0.0,15.045,-0.13,22,22,0.0,0.0,0.0,0.0,0.0,0.0,0.0,0.0,0.0,0.0,0.0,0.0,0.0,0,0,0,0,0
2026,6,5,5,44,24,3.29349,0.0,0.00080586,4.83881834436,0.5405092,0.0,5.15786131212,0.007326,11.92383,0.00161172,0.00080586,0.003,0.0,0.003,0.0,14.973,-0.155,22,22,0.0,0.0,0.0,0.0,0.0,0.0,0.0,0.0,0.0,0.0,0.0,0.0,0.0,0,0,0,0,0
2026,6,5,5,44,25,3.28416,0.0008954,0.00161172,4.85493162556,0.5665429000000001,0.0024794,5.169140608959999,0.010989,11.897838,0.0,0.00161172,0.003,0.0,0.003,0.0,14.973,-0.155,22,22,0.0,0.0,0.0,0.0,0.0,0.0,0.0,0.0,0.0,0.0,0.0,0.0,0.0,0,0,0,0,0
2026,6,5,5,44,26,3.27794,0.0017908,0.00080586,4.83398436,0.5603444000000001,0.0,5.1804199058,0.007326,11.904336,0.00080586,0.00080586,0.003,0.0,0.003,0.0,14.926,-0.14,22,22,0.0,0.0,0.0,0.0,0.0,0.0,0.0,0.0,0.0,0.0,0.0,0.0,0.0,0,0,0,0,0
2026,6,5,5,44,27,3.276385,0.0008954,0.00161172,4.8581542818,0.5727414000000001,0.0037191000000000004,5.169140608959999,0.007326,11.884842,0.0,0.00161172,0.003,0.0,0.003,0.0,15.035,-0.192,22,23,0.0,0.0,0.0,0.0,0.0,0.0,0.0,0.0,0.0,0.0,0.0,0.0,0.0,0,0,0,0,0
2026,6,5,5,44,28,3.276385,0.0008954,0.00161172,4.83237303188,0.5194343,0.0012397,5.156249984,0.0,11.85885,0.00161172,0.00161172,0.003,0.0,0.003,0.0,15.035,-0.192,22,23,0.0,0.0,0.0,0.0,0.0,0.0,0.0,0.0,0.0,0.0,0.0,0.0,0.0,0,0,0,0,0
2026,6,5,5,44,29,3.301265,0.0008954,0.00080586,4.845263656839999,0.5392695000000001,0.0,5.15141599964,0.007326,11.92383,0.0,0.00080586,0.003,0.0,0.003,0.0,15.086,-0.138,22,22,0.0,0.0,0.0,0.0,0.0,0.0,0.0,0.0,0.0,0.0,0.0,0.0,0.0,0,0,0,0,0
2026,6,5,5,44,30,3.301265,0.0,0.00080586,4.8468749849599995,0.5429886,0.0037191000000000004,5.15786131212,0.0,11.897838,0.00161172,0.00080586,0.003,0.0,0.003,0.0,15.109,-0.184,22,22,0.0,0.0,0.0,0.0,0.0,0.0,0.0,0.0,0.0,0.0,0.0,0.0,0.0,0,0,0,0,0
2026,6,5,5,44,31,3.301265,0.0,0.00161172,4.8307617037599995,0.508277,0.0024794,5.17397459332,0.003663,11.904336,0.00161172,0.00161172,0.003,0.0,0.003,0.0,15.109,-0.184,22,21,0.0,0.0,0.0,0.0,0.0,0.0,0.0,0.0,0.0,0.0,0.0,0.0,0.0,0,0,0,0,0
2026,6,5,5,44,32,3.28727,0.0017908,0.00161172,4.83881834436,0.5640635,0.0024794,5.17558592144,0.003663,11.897838,0.00161172,0.00161172,0.003,0.0,0.003,0.0,14.966000000000001,-0.15,22,23,0.0,0.0,0.0,0.0,0.0,0.0,0.0,0.0,0.0,0.0,0.0,0.0,0.0,0,0,0,0,0
2026,6,5,5,44,33,3.2826049999999998,0.0017908,0.00080586,4.83720701624,0.5355504,0.0,5.1546386558799995,0.007326,11.943324,0.0,0.00080586,0.003,0.0,0.003,0.0,15.052,-0.17,22,21,0.0,0.0,0.0,0.0,0.0,0.0,0.0,0.0,0.0,0.0,0.0,0.0,0.0,0,0,0,0,0
2026,6,5,5,44,34,3.29349,0.0,0.00161172,4.8484863130799996,0.5219137,0.0024794,5.16752928084,0.007326,11.897838,0.00080586,0.00161172,0.003,0.0,0.003,0.0,15.018,-0.14100000000000001,23,23,0.0,0.0,0.0,0.0,0.0,0.0,0.0,0.0,0.0,0.0,0.0,0.0,0.0,0,0,0,0,0
2026,6,5,5,44,35,3.29038,0.0,0.00161172,4.845263656839999,0.5429886,0.0024794,5.17397459332,0.007326,11.910834000000001,0.0,0.00161172,0.003,0.0,0.003,0.0,15.003,-0.13,22,21,0.0,0.0,0.0,0.0,0.0,0.0,0.0,0.0,0.0,0.0,0.0,0.0,0.0,0,0,0,0,0
2026,6,5,5,44,36,3.27794,0.0,0.00161172,4.8468749849599995,0.5243931000000001,0.0,5.15947264024,0.007326,11.92383,0.00161172,0.00161172,0.003,0.0,0.003,0.0,15.003,-0.13,22,22,0.0,0.0,0.0,0.0,0.0,0.0,0.0,0.0,0.0,0.0,0.0,0.0,0.0,0,0,0,0,0
2026,6,5,5,44,37,3.28416,0.0,0.0,4.8420410006,0.5417489,0.0024794,5.1546386558799995,0.003663,11.95632,0.00161172,0.0,0.003,0.0,0.003,0.0,14.993,-0.136,22,22,0.0,0.0,0.0,0.0,0.0,0.0,0.0,0.0,0.0,0.0,0.0,0.0,0.0,0,0,0,0,0
2026,6,5,5,44,38,3.29349,0.0008954,0.00080586,4.8500976412,0.5095167,0.0012397,5.17558592144,0.007326,11.897838,0.0,0.00080586,0.003,0.0,0.003,0.0,14.972,-0.17300000000000001,22,22,0.0,0.0,0.0,0.0,0.0,0.0,0.0,0.0,0.0,0.0,0.0,0.0,0.0,0,0,0,0,0
2026,6,5,5,44,39,3.2717199999999997,0.0008954,0.00161172,4.8581542818,0.5615841,0.0,5.1546386558799995,0.007326,11.969316000000001,0.0,0.00161172,0.003,0.0,0.003,0.0,15.098,-0.133,22,22,0.0,0.0,0.0,0.0,0.0,0.0,0.0,0.0,0.0,0.0,0.0,0.0,0.0,0,0,0,0,0
2026,6,5,5,44,40,3.29038,0.0,0.00161172,4.83398436,0.5566253,0.0024794,5.1804199058,0.007326,12.001806,0.0,0.00161172,0.003,0.0,0.003,0.0,15.086,-0.133,22,23,0.0,0.0,0.0,0.0,0.0,0.0,0.0,0.0,0.0,0.0,0.0,0.0,0.0,0,0,0,0,0
2026,6,5,5,44,41,3.28416,0.0,0.00161172,4.8500976412,0.5405092,0.0,5.169140608959999,0.010989,11.904336,0.00161172,0.00161172,0.003,0.0,0.003,0.0,14.997,-0.20800000000000002,22,23,0.0,0.0,0.0,0.0,0.0,0.0,0.0,0.0,0.0,0.0,0.0,0.0,0.0,0,0,0,0,0
2026,6,5,5,44,42,3.2965999999999998,0.0017908,0.00161172,4.82753904752,0.5615841,0.0024794,5.185253890159999,0.0,11.975814,0.00080586,0.00161172,0.006,0.0,0.003,0.0,15.094000000000001,-0.18,22,22,0.0,0.0,0.0,0.0,0.0,0.0,0.0,0.0,0.0,0.0,0.0,0.0,0.0,0,0,0,0,0
2026,6,5,5,44,43,3.2965999999999998,0.0017908,0.00161172,4.8307617037599995,0.5467077,0.0,5.17397459332,0.007326,11.891340000000001,0.00161172,0.00161172,0.006,0.0,0.003,0.0,15.094000000000001,-0.18,22,22,0.0,0.0,0.0,0.0,0.0,0.0,0.0,0.0,0.0,0.0,0.0,0.0,0.0,0,0,0,0,0
2026,6,5,5,44,44,3.295045,0.0008954,0.00080586,4.83559568812,0.5603444000000001,0.0024794,5.16108396836,0.0,11.95632,0.00161172,0.00080586,0.003,0.0,0.003,0.0,15.111,-0.234,22,22,0.0,0.0,0.0,0.0,0.0,0.0,0.0,0.0,0.0,0.0,0.0,0.0,0.0,0,0,0,0,0
2026,6,5,5,44,45,3.295045,0.0008954,0.00080586,4.83559568812,0.5653032,0.0024794,5.19492185888,0.007326,11.943324,0.0,0.00080586,0.003,0.0,0.003,0.0,15.111,-0.234,22,23,0.0,0.0,0.0,0.0,0.0,0.0,0.0,0.0,0.0,0.0,0.0,0.0,0.0,0,0,0,0,0
2026,6,5,5,44,46,3.295045,0.0017908,0.00080586,4.845263656839999,0.5020785,0.0024794,5.16269529648,0.0,11.910834000000001,0.00241758,0.00080586,0.003,0.0,0.003,0.0,14.98,-0.2,23,22,0.0,0.0,0.0,0.0,0.0,0.0,0.0,0.0,0.0,0.0,0.0,0.0,0.0,0,0,0,0,0
2026,6,5,5,44,47,3.28416,0.0,0.00161172,4.83720701624,0.520674,0.0024794,5.156249984,0.007326,11.936826,0.00080586,0.00161172,0.003,0.0,0.003,0.0,15.115,-0.128,22,21,0.0,0.0,0.0,0.0,0.0,0.0,0.0,0.0,0.0,0.0,0.0,0.0,0.0,0,0,0,0,0
2026,6,5,5,44,48,3.288825,0.0008954,0.00080586,4.84042967248,0.5789399000000001,0.0012397,5.15786131212,0.0,11.936826,0.00080586,0.00080586,0.003,0.0,0.003,0.0,15.115,-0.128,22,22,0.0,0.0,0.0,0.0,0.0,0.0,0.0,0.0,0.0,0.0,0.0,0.0,0.0,0,0,0,0,0
2026,6,5,5,44,49,3.273275,0.0017908,0.00080586,4.8500976412,0.5442283,0.0,5.17558592144,0.0,11.871846,0.00161172,0.00080586,0.003,0.0,0.003,0.0,15.053,-0.112,22,24,0.0,0.0,0.0,0.0,0.0,0.0,0.0,0.0,0.0,0.0,0.0,0.0,0.0,0,0,0,0,0
2026,6,5,5,44,50,3.2857149999999997,0.0017908,0.00161172,4.845263656839999,0.5405092,0.0024794,5.156249984,0.0,11.930328000000001,0.00241758,0.00161172,0.003,0.0,0.003,0.0,15.053,-0.112,22,23,0.0,0.0,0.0,0.0,0.0,0.0,0.0,0.0,0.0,0.0,0.0,0.0,0.0,0,0,0,0,0
2026,6,5,5,44,51,3.2857149999999997,0.0017908,0.00161172,4.84042967248,0.5541459,0.0024794,5.156249984,0.0,11.943324,0.00241758,0.00161172,0.003,0.0,0.003,0.0,15.053,-0.112,22,22,0.0,0.0,0.0,0.0,0.0,0.0,0.0,0.0,0.0,0.0,0.0,0.0,0.0,0,0,0,0,0
2026,6,5,5,44,52,3.2857149999999997,0.0017908,0.00161172,4.85332029744,0.5454680000000001,0.0024794,5.156249984,0.0,11.943324,0.00241758,0.00161172,0.006,0.0,0.003,0.0,15.076,-0.177,22,22,0.0,0.0,0.0,0.0,0.0,0.0,0.0,0.0,0.0,0.0,0.0,0.0,0.0,0,0,0,0,0
2026,6,5,5,44,53,3.2997099999999997,0.0017908,0.00161172,4.829150375639999,0.5367901,0.0024794,5.1884765464,0.0,11.878344,0.00241758,0.00161172,0.003,0.0,0.003,0.0,15.009,-0.17200000000000001,22,23,0.0,0.0,0.0,0.0,0.0,0.0,0.0,0.0,0.0,0.0,0.0,0.0,0.0,0,0,0,0,0
2026,6,5,5,44,54,3.2997099999999997,0.0017908,0.00080586,4.82753904752,0.5367901,0.0024794,5.17397459332,0.003663,11.949822000000001,0.00080586,0.00080586,0.003,0.0,0.003,0.0,15.009,-0.17200000000000001,22,23,0.0,0.0,0.0,0.0,0.0,0.0,0.0,0.0,0.0,0.0,0.0,0.0,0.0,0,0,0,0,0
2026,6,5,5,44,55,3.295045,0.0008954,0.00161172,4.8500976412,0.5119961000000001,0.0024794,5.1723632652,0.003663,11.904336,0.00161172,0.00161172,0.003,0.0,0.003,0.0,14.947000000000001,-0.116,22,22,0.0,0.0,0.0,0.0,0.0,0.0,0.0,0.0,0.0,0.0,0.0,0.0,0.0,0,0,0,0,0
2026,6,5,5,44,56,3.295045,0.0008954,0.00161172,4.8484863130799996,0.5553856,0.0,5.16269529648,0.007326,11.936826,0.0,0.00161172,0.003,0.0,0.003,0.0,14.959,-0.156,22,22,0.0,0.0,0.0,0.0,0.0,0.0,0.0,0.0,0.0,0.0,0.0,0.0,0.0,0,0,0,0,0
2026,6,5,5,44,57,3.279495,0.0008954,0.00161172,4.83559568812,0.5256328,0.0024794,5.1868652182799995,0.007326,11.891340000000001,0.00161172,0.00161172,0.003,0.0,0.003,0.0,15.066,-0.225,22,23,0.0,0.0,0.0,0.0,0.0,0.0,0.0,0.0,0.0,0.0,0.0,0.0,0.0,0,0,0,0,0
2026,6,5,5,44,58,3.288825,0.0017908,0.00161172,4.85332029744,0.5454680000000001,0.0,5.18203123392,0.007326,11.917332,0.0,0.00161172,0.003,0.0,0.003,0.0,15.104000000000001,-0.279,22,22,0.0,0.0,0.0,0.0,0.0,0.0,0.0,0.0,0.0,0.0,0.0,0.0,0.0,0,0,0,0,0
2026,6,5,5,44,59,3.288825,0.0017908,0.00080586,4.85493162556,0.5268725,0.0012397,5.156249984,0.007326,11.936826,0.00161172,0.00080586,0.003,0.0,0.003,0.0,15.104000000000001,-0.279,22,22,0.0,0.0,0.0,0.0,0.0,0.0,0.0,0.0,0.0,0.0,0.0,0.0,0.0,0,0,0,0,0
2026,6,5,5,45,0,3.298155,0.0008954,0.00161172,4.85654295368,0.5553856,0.0012397,5.1546386558799995,0.007326,11.930328000000001,0.0,0.00161172,0.003,0.0,0.003,0.0,15.031,-0.17400000000000002,22,21,0.0,0.0,0.0,0.0,0.0,0.0,0.0,0.0,0.0,0.0,0.0,0.0,0.0,0,0,0,0,0
2026,6,5,5,45,1,3.298155,0.0008954,0.00080586,4.845263656839999,0.5603444000000001,0.0024794,5.15786131212,0.007326,11.92383,0.00080586,0.00080586,0.003,0.0,0.003,0.0,15.031,-0.17400000000000002,22,22,0.0,0.0,0.0,0.0,0.0,0.0,0.0,0.0,0.0,0.0,0.0,0.0,0.0,0,0,0,0,0
2026,6,5,5,45,2,3.29038,0.0008954,0.00161172,4.8468749849599995,0.5119961000000001,0.0024794,5.16269529648,0.0,11.92383,0.00161172,0.00161172,0.003,0.0,0.003,0.0,15.023,-0.123,22,22,0.0,0.0,0.0,0.0,0.0,0.0,0.0,0.0,0.0,0.0,0.0,0.0,0.0,0,0,0,0,0
2026,6,5,5,45,3,3.28416,0.0008954,0.00161172,4.83559568812,0.5057976000000001,0.0024794,5.18203123392,0.010989,11.910834000000001,0.0,0.00161172,0.003,0.0,0.003,0.0,15.054,-0.195,22,22,0.0,0.0,0.0,0.0,0.0,0.0,0.0,0.0,0.0,0.0,0.0,0.0,0.0,0,0,0,0,0
2026,6,5,5,45,4,3.298155,0.0017908,0.00161172,4.829150375639999,0.5442283,0.0024794,5.17397459332,0.0,11.904336,0.00161172,0.00161172,0.003,0.0,0.003,0.0,14.94,-0.131,22,22,0.0,0.0,0.0,0.0,0.0,0.0,0.0,0.0,0.0,0.0,0.0,0.0,0.0,0,0,0,0,0
2026,6,5,5,45,5,3.298155,0.0017908,0.00161172,4.8468749849599995,0.5442283,0.0,5.17719724956,0.007326,11.897838,0.00161172,0.00161172,0.003,0.0,0.003,0.0,14.94,-0.131,22,23,0.0,0.0,0.0,0.0,0.0,0.0,0.0,0.0,0.0,0.0,0.0,0.0,0.0,0,0,0,0,0
2026,6,5,5,45,6,3.298155,0.0017908,0.00241758,4.829150375639999,0.5293519,0.0024794,5.169140608959999,0.003663,11.917332,0.00161172,0.00241758,0.003,0.0,0.003,0.0,15.066,-0.224,22,23,0.0,0.0,0.0,0.0,0.0,0.0,0.0,0.0,0.0,0.0,0.0,0.0,0.0,0,0,0,0,0
2026,6,5,5,45,7,3.2965999999999998,0.0,0.00161172,4.845263656839999,0.5045579,0.0012397,5.17397459332,0.007326,11.969316000000001,0.00080586,0.00161172,0.003,0.0,0.003,0.0,15.012,-0.131,22,23,0.0,0.0,0.0,0.0,0.0,0.0,0.0,0.0,0.0,0.0,0.0,0.0,0.0,0,0,0,0,0
2026,6,5,5,45,8,3.2826049999999998,0.0008954,0.00161172,4.829150375639999,0.5243931000000001,0.0,5.18203123392,0.007326,11.904336,0.00080586,0.00161172,0.003,0.0,0.003,0.0,14.992,-0.182,23,22,0.0,0.0,0.0,0.0,0.0,0.0,0.0,0.0,0.0,0.0,0.0,0.0,0.0,0,0,0,0,0
2026,6,5,5,45,9,3.295045,0.0008954,0.00080586,4.83559568812,0.5491871,0.0,5.153027327759999,0.007326,11.949822000000001,0.0,0.00080586,0.003,0.0,0.003,0.0,14.992,-0.182,23,23,0.0,0.0,0.0,0.0,0.0,0.0,0.0,0.0,0.0,0.0,0.0,0.0,0.0,0,0,0,0,0
2026,6,5,5,45,10,3.2826049999999998,0.0008954,0.00241758,4.82753904752,0.5367901,0.0012397,5.17719724956,0.007326,11.891340000000001,0.00241758,0.00241758,0.003,0.0,0.003,0.0,15.035,-0.155,22,21,0.0,0.0,0.0,0.0,0.0,0.0,0.0,0.0,0.0,0.0,0.0,0.0,0.0,0,0,0,0,0
2026,6,5,5,45,11,3.2965999999999998,0.0017908,0.00161172,4.8500976412,0.5677826,0.0012397,5.169140608959999,0.007326,11.891340000000001,0.00080586,0.00161172,0.003,0.0,0.003,0.0,15.035,-0.155,22,22,0.0,0.0,0.0,0.0,0.0,0.0,0.0,0.0,0.0,0.0,0.0,0.0,0.0,0,0,0,0,0
2026,6,5,5,45,12,3.288825,0.0008954,0.00161172,4.845263656839999,0.5256328,0.0,5.169140608959999,0.007326,11.891340000000001,0.00080586,0.00161172,0.003,0.0,0.003,0.0,14.943,-0.161,22,21,0.0,0.0,0.0,0.0,0.0,0.0,0.0,0.0,0.0,0.0,0.0,0.0,0.0,0,0,0,0,0
2026,6,5,5,45,13,3.295045,0.0008954,0.00161172,4.85493162556,0.5305916,0.0012397,5.15141599964,0.0,11.949822000000001,0.00161172,0.00161172,0.003,0.0,0.003,0.0,15.040000000000001,-0.10400000000000001,22,21,0.0,0.0,0.0,0.0,0.0,0.0,0.0,0.0,0.0,0.0,0.0,0.0,0.0,0,0,0,0,0
2026,6,5,5,45,14,3.28416,0.0,0.00080586,4.85332029744,0.5566253,0.0012397,5.1481933434,0.003663,11.910834000000001,0.00161172,0.00080586,0.003,0.0,0.003,0.0,15.09,-0.152,22,22,0.0,0.0,0.0,0.0,0.0,0.0,0.0,0.0,0.0,0.0,0.0,0.0,0.0,0,0,0,0,0
2026,6,5,5,45,15,3.28416,0.0008954,0.00161172,4.83237303188,0.5900972,0.0024794,5.169140608959999,0.0,11.910834000000001,0.00080586,0.00161172,0.003,0.0,0.003,0.0,15.086,-0.147,22,22,0.0,0.0,0.0,0.0,0.0,0.0,0.0,0.0,0.0,0.0,0.0,0.0,0.0,0,0,0,0,0
2026,6,5,5,45,16,3.28416,0.0008954,0.00080586,4.845263656839999,0.5739811,0.0012397,5.1804199058,0.010989,11.904336,0.0,0.00080586,0.003,0.0,0.003,0.0,15.086,-0.147,22,21,0.0,0.0,0.0,0.0,0.0,0.0,0.0,0.0,0.0,0.0,0.0,0.0,0.0,0,0,0,0,0
2026,6,5,5,45,17,3.2826049999999998,0.0,0.00161172,4.85493162556,0.5305916,0.0012397,5.16269529648,0.007326,11.949822000000001,0.00161172,0.00161172,0.003,0.0,0.003,0.0,14.944,-0.169,22,23,0.0,0.0,0.0,0.0,0.0,0.0,0.0,0.0,0.0,0.0,0.0,0.0,0.0,0,0,0,0,0
2026,6,5,5,45,18,3.2826049999999998,0.0,0.00161172,4.829150375639999,0.5157152,0.0,5.17880857768,0.007326,11.904336,0.00080586,0.00161172,0.003,0.0,0.003,0.0,14.944,-0.169,22,22,0.0,0.0,0.0,0.0,0.0,0.0,0.0,0.0,0.0,0.0,0.0,0.0,0.0,0,0,0,0,0
2026,6,5,5,45,19,3.2826049999999998,0.0,0.00161172,4.845263656839999,0.5442283,0.0,5.18364256204,0.010989,11.904336,0.00080586,0.00161172,0.003,0.0,0.003,0.0,15.062000000000001,-0.146,22,22,0.0,0.0,0.0,0.0,0.0,0.0,0.0,0.0,0.0,0.0,0.0,0.0,0.0,0,0,0,0,0
2026,6,5,5,45,20,3.29349,0.0017908,0.00161172,4.83881834436,0.5057976000000001,0.0,5.16269529648,0.0,11.871846,0.00161172,0.00161172,0.003,0.0,0.003,0.0,15.032,-0.161,22,23,0.0,0.0,0.0,0.0,0.0,0.0,0.0,0.0,0.0,0.0,0.0,0.0,0.0,0,0,0,0,0
2026,6,5,5,45,21,3.291935,0.0008954,0.00080586,4.85654295368,0.5541459,0.0024794,5.14497068716,0.0,11.910834000000001,0.00161172,0.00080586,0.003,0.0,0.003,0.0,15.052,-0.153,22,22,0.0,0.0,0.0,0.0,0.0,0.0,0.0,0.0,0.0,0.0,0.0,0.0,0.0,0,0,0,0,0
2026,6,5,5,45,22,3.291935,0.0008954,0.00161172,4.85654295368,0.557865,0.0024794,5.1546386558799995,0.003663,11.962818,0.00080586,0.00161172,0.003,0.0,0.003,0.0,15.052,-0.153,22,22,0.0,0.0,0.0,0.0,0.0,0.0,0.0,0.0,0.0,0.0,0.0,0.0,0.0,0,0,0,0,0
2026,6,5,5,45,23,3.30282,0.0,0.00161172,4.82753904752,0.5454680000000001,0.0,5.17558592144,0.007326,11.884842,0.00161172,0.00161172,0.003,0.0,0.003,0.0,15.005,-0.202,22,22,0.0,0.0,0.0,0.0,0.0,0.0,0.0,0.0,0.0,0.0,0.0,0.0,0.0,0,0,0,0,0
2026,6,5,5,45,24,3.288825,0.0,0.00161172,4.8468749849599995,0.5653032,0.0,5.1723632652,0.010989,11.904336,0.00080586,0.00161172,0.003,0.0,0.0,0.0,14.974,-0.168,22,23,0.0,0.0,0.0,0.0,0.0,0.0,0.0,0.0,0.0,0.0,0.0,0.0,0.0,0,0,0,0,0
2026,6,5,5,45,25,3.288825,0.0,0.00161172,4.845263656839999,0.5454680000000001,0.0012397,5.1546386558799995,0.018315,11.949822000000001,0.0,0.00161172,0.003,0.0,0.003,0.0,14.974,-0.168,22,22,0.0,0.0,0.0,0.0,0.0,0.0,0.0,0.0,0.0,0.0,0.0,0.0,0.0,0,0,0,0,0
2026,6,5,5,45,26,3.2826049999999998,0.0,0.00161172,4.845263656839999,0.5367901,0.0012397,5.17397459332,0.0,11.917332,0.00241758,0.00161172,0.003,0.0,0.003,0.0,15.058,-0.212,22,21,0.0,0.0,0.0,0.0,0.0,0.0,0.0,0.0,0.0,0.0,0.0,0.0,0.0,0,0,0,0,0
2026,6,5,5,45,27,3.2826049999999998,0.0,0.00161172,4.829150375639999,0.5504268,0.0024794,5.1804199058,0.003663,11.891340000000001,0.00161172,0.00161172,0.003,0.0,0.003,0.0,15.058,-0.212,22,23,0.0,0.0,0.0,0.0,0.0,0.0,0.0,0.0,0.0,0.0,0.0,0.0,0.0,0,0,0,0,0
2026,6,5,5,45,28,3.28416,0.0017908,0.00080586,4.861376938039999,0.5653032,0.0012397,5.16269529648,0.010989,11.897838,0.00080586,0.00080586,0.003,0.0,0.003,0.0,15.025,-0.108,22,22,0.0,0.0,0.0,0.0,0.0,0.0,0.0,0.0,0.0,0.0,0.0,0.0,0.0,0,0,0,0,0
2026,6,5,5,45,29,3.28416,0.0017908,0.00080586,4.8307617037599995,0.5305916,0.0024794,5.17719724956,0.007326,11.904336,0.0,0.00080586,0.003,0.0,0.003,0.0,15.025,-0.108,22,23,0.0,0.0,0.0,0.0,0.0,0.0,0.0,0.0,0.0,0.0,0.0,0.0,0.0,0,0,0,0,0
2026,6,5,5,45,30,3.273275,0.0008954,0.00161172,4.83398436,0.5194343,0.0012397,5.1707519370799995,0.007326,11.930328000000001,0.00161172,0.00161172,0.003,0.0,0.003,0.0,15.105,-0.171,22,22,0.0,0.0,0.0,0.0,0.0,0.0,0.0,0.0,0.0,0.0,0.0,0.0,0.0,0,0,0,0,0
2026,6,5,5,45,31,3.273275,0.0008954,0.00161172,4.85976560992,0.5057976000000001,0.0024794,5.1804199058,0.0,11.930328000000001,0.00241758,0.00161172,0.003,0.0,0.003,0.0,15.105,-0.171,22,21,0.0,0.0,0.0,0.0,0.0,0.0,0.0,0.0,0.0,0.0,0.0,0.0,0.0,0,0,0,0,0
2026,6,5,5,45,32,3.295045,0.0017908,0.00080586,4.83398436,0.5541459,0.0024794,5.1401367028,0.0,11.878344,0.00161172,0.00080586,0.003,0.0,0.003,0.0,15.009,-0.199,22,23,0.0,0.0,0.0,0.0,0.0,0.0,0.0,0.0,0.0,0.0,0.0,0.0,0.0,0,0,0,0,0
2026,6,5,5,45,33,3.28416,0.0,0.00241758,4.83237303188,0.49588000000000004,0.0,5.156249984,0.007326,11.949822000000001,0.00161172,0.00241758,0.003,0.0,0.003,0.0,14.961,-0.17,22,23,0.0,0.0,0.0,0.0,0.0,0.0,0.0,0.0,0.0,0.0,0.0,0.0,0.0,0,0,0,0,0
2026,6,5,5,45,34,3.28416,0.0,0.00080586,4.83881834436,0.5144755,0.0024794,5.156249984,0.003663,11.949822000000001,0.00080586,0.00080586,0.003,0.0,0.003,0.0,14.961,-0.17,22,22,0.0,0.0,0.0,0.0,0.0,0.0,0.0,0.0,0.0,0.0,0.0,0.0,0.0,0,0,0,0,0
2026,6,5,5,45,35,3.28416,0.0,0.00080586,4.845263656839999,0.5405092,0.0,5.169140608959999,0.003663,11.910834000000001,0.00241758,0.00080586,0.003,0.0,0.003,0.0,15.005,-0.14400000000000002,22,22,0.0,0.0,0.0,0.0,0.0,0.0,0.0,0.0,0.0,0.0,0.0,0.0,0.0,0,0,0,0,0
2026,6,5,5,45,36,3.29038,0.0017908,0.00161172,4.8307617037599995,0.5429886,0.0024794,5.18203123392,0.003663,11.904336,0.00241758,0.00161172,0.003,0.0,0.003,0.0,14.986,-0.151,22,22,0.0,0.0,0.0,0.0,0.0,0.0,0.0,0.0,0.0,0.0,0.0,0.0,0.0,0,0,0,0,0
2026,6,5,5,45,37,3.29038,0.0017908,0.00161172,4.83720701624,0.5628238,0.0012397,5.1546386558799995,0.010989,11.930328000000001,0.00080586,0.00161172,0.003,0.0,0.003,0.0,14.986,-0.151,22,22,0.0,0.0,0.0,0.0,0.0,0.0,0.0,0.0,0.0,0.0,0.0,0.0,0.0,0,0,0,0,0
2026,6,5,5,45,38,3.2826049999999998,0.0,0.00161172,4.85332029744,0.5715017,0.0012397,5.1546386558799995,0.007326,11.949822000000001,0.00080586,0.00161172,0.003,0.0,0.003,0.0,15.009,-0.125,22,23,0.0,0.0,0.0,0.0,0.0,0.0,0.0,0.0,0.0,0.0,0.0,0.0,0.0,0,0,0,0,0
2026,6,5,5,45,39,3.2826049999999998,0.0,0.00161172,4.83881834436,0.5479474,0.0024794,5.18203123392,0.003663,11.897838,0.00080586,0.00161172,0.003,0.0,0.003,0.0,15.009,-0.125,22,23,0.0,0.0,0.0,0.0,0.0,0.0,0.0,0.0,0.0,0.0,0.0,0.0,0.0,0,0,0,0,0
2026,6,5,5,45,40,3.2826049999999998,0.0,0.00161172,4.8484863130799996,0.5281122,0.0024794,5.18364256204,0.003663,11.904336,0.00161172,0.00161172,0.003,0.0,0.003,0.0,15.145,-0.178,22,22,0.0,0.0,0.0,0.0,0.0,0.0,0.0,0.0,0.0,0.0,0.0,0.0,0.0,0,0,0,0,0
2026,6,5,5,45,41,3.2826049999999998,0.0008954,0.00161172,4.83237303188,0.5405092,0.0024794,5.18203123392,0.0,11.878344,0.00241758,0.00161172,0.003,0.0,0.003,0.0,14.984,-0.196,23,23,0.0,0.0,0.0,0.0,0.0,0.0,0.0,0.0,0.0,0.0,0.0,0.0,0.0,0,0,0,0,0
2026,6,5,5,45,42,3.2826049999999998,0.0008954,0.00161172,4.83881834436,0.5566253,0.0012397,5.16269529648,0.003663,11.910834000000001,0.00161172,0.00161172,0.003,0.0,0.003,0.0,14.984,-0.196,23,22,0.0,0.0,0.0,0.0,0.0,0.0,0.0,0.0,0.0,0.0,0.0,0.0,0.0,0,0,0,0,0
2026,6,5,5,45,43,3.2965999999999998,0.0,0.00080586,4.85332029744,0.5467077,0.0024794,5.1546386558799995,0.003663,11.936826,0.00241758,0.00080586,0.003,0.0,0.003,0.0,14.977,-0.151,22,22,0.0,0.0,0.0,0.0,0.0,0.0,0.0,0.0,0.0,0.0,0.0,0.0,0.0,0,0,0,0,0
2026,6,5,5,45,44,3.2965999999999998,0.0,0.00161172,4.8468749849599995,0.5727414000000001,0.0024794,5.16269529648,0.0,11.936826,0.00161172,0.00161172,0.003,0.0,0.003,0.0,15.043000000000001,-0.151,22,22,0.0,0.0,0.0,0.0,0.0,0.0,0.0,0.0,0.0,0.0,0.0,0.0,0.0,0,0,0,0,0
2026,6,5,5,45,45,3.2655,0.0008954,0.00161172,4.83881834436,0.5243931000000001,0.0,5.169140608959999,0.010989,11.897838,0.00080586,0.00161172,0.003,0.0,0.003,0.0,14.971,-0.182,22,23,0.0,0.0,0.0,0.0,0.0,0.0,0.0,0.0,0.0,0.0,0.0,0.0,0.0,0,0,0,0,0
2026,6,5,5,45,46,3.2965999999999998,0.0017908,0.00161172,4.82753904752,0.5330710000000001,0.0,5.169140608959999,0.007326,11.904336,0.00080586,0.00161172,0.003,0.0,0.003,0.0,15.0,-0.18,22,23,0.0,0.0,0.0,0.0,0.0,0.0,0.0,0.0,0.0,0.0,0.0,0.0,0.0,0,0,0,0,0
2026,6,5,5,45,47,3.2965999999999998,0.0017908,0.00161172,4.845263656839999,0.5566253,0.0,5.16752928084,0.007326,11.95632,0.0,0.00161172,0.003,0.0,0.003,0.0,15.0,-0.18,22,22,0.0,0.0,0.0,0.0,0.0,0.0,0.0,0.0,0.0,0.0,0.0,0.0,0.0,0,0,0,0,0
2026,6,5,5,45,48,3.27483,0.0017908,0.00161172,4.83720701624,0.5355504,0.0024794,5.18203123392,0.0,11.95632,0.00161172,0.00161172,0.003,0.0,0.003,0.0,14.984,-0.153,22,23,0.0,0.0,0.0,0.0,0.0,0.0,0.0,0.0,0.0,0.0,0.0,0.0,0.0,0,0,0,0,0
2026,6,5,5,45,49,3.27483,0.0017908,0.00080586,4.829150375639999,0.5429886,0.0024794,5.1804199058,0.0,11.878344,0.00161172,0.00080586,0.003,0.0,0.003,0.0,14.942,-0.114,23,23,0.0,0.0,0.0,0.0,0.0,0.0,0.0,0.0,0.0,0.0,0.0,0.0,0.0,0,0,0,0,0
2026,6,5,5,45,50,3.27794,0.0017908,0.00161172,4.83398436,0.5256328,0.0024794,5.169140608959999,0.0,11.878344,0.00161172,0.00161172,0.003,0.0,0.003,0.0,15.058,-0.159,22,23,0.0,0.0,0.0,0.0,0.0,0.0,0.0,0.0,0.0,0.0,0.0,0.0,0.0,0,0,0,0,0
2026,6,5,5,45,51,3.27794,0.0017908,0.00080586,4.83237303188,0.5293519,0.0024794,5.15947264024,0.0,11.949822000000001,0.00161172,0.00080586,0.003,0.0,0.003,0.0,15.058,-0.159,22,22,0.0,0.0,0.0,0.0,0.0,0.0,0.0,0.0,0.0,0.0,0.0,0.0,0.0,0,0,0,0,0
2026,6,5,5,45,52,3.2965999999999998,0.0,0.00080586,4.85332029744,0.5479474,0.0024794,5.17397459332,0.003663,11.917332,0.00161172,0.00080586,0.003,0.0,0.003,0.0,14.958,-0.18,22,22,0.0,0.0,0.0,0.0,0.0,0.0,0.0,0.0,0.0,0.0,0.0,0.0,0.0,0,0,0,0,0
2026,6,5,5,45,53,3.2965999999999998,0.0,0.00080586,4.8468749849599995,0.5442283,0.0012397,5.16752928084,0.010989,11.943324,0.00161172,0.00080586,0.003,0.0,0.003,0.0,14.958,-0.18,22,22,0.0,0.0,0.0,0.0,0.0,0.0,0.0,0.0,0.0,0.0,0.0,0.0,0.0,0,0,0,0,0
2026,6,5,5,45,54,3.2965999999999998,0.0,0.00161172,4.84042967248,0.5380298,0.0024794,5.18364256204,0.0,11.897838,0.00241758,0.00161172,0.003,0.0,0.003,0.0,15.034,-0.17400000000000002,23,23,0.0,0.0,0.0,0.0,0.0,0.0,0.0,0.0,0.0,0.0,0.0,0.0,0.0,0,0,0,0,0
2026,6,5,5,45,55,3.2826049999999998,0.0017908,0.00161172,4.8468749849599995,0.5566253,0.0,5.16752928084,0.007326,11.943324,0.0,0.00161172,0.003,0.0,0.003,0.0,15.030000000000001,-0.17300000000000001,22,21,0.0,0.0,0.0,0.0,0.0,0.0,0.0,0.0,0.0,0.0,0.0,0.0,0.0,0,0,0,0,0
2026,6,5,5,45,56,3.2826049999999998,0.0017908,0.00161172,4.845263656839999,0.5293519,0.0,5.16108396836,0.010989,11.936826,0.0,0.00161172,0.003,0.0,0.003,0.0,15.030000000000001,-0.17300000000000001,22,21,0.0,0.0,0.0,0.0,0.0,0.0,0.0,0.0,0.0,0.0,0.0,0.0,0.0,0,0,0,0,0
2026,6,5,5,45,57,3.273275,0.0,0.00161172,4.83237303188,0.5442283,0.0012397,5.1868652182799995,0.007326,11.904336,0.00161172,0.00161172,0.003,0.0,0.003,0.0,15.005,-0.181,22,23,0.0,0.0,0.0,0.0,0.0,0.0,0.0,0.0,0.0,0.0,0.0,0.0,0.0,0,0,0,0,0
2026,6,5,5,45,58,3.273275,0.0,0.00161172,4.845263656839999,0.5665429000000001,0.0024794,5.1804199058,0.007326,11.917332,0.00080586,0.00161172,0.003,0.0,0.003,0.0,15.005,-0.181,22,22,0.0,0.0,0.0,0.0,0.0,0.0,0.0,0.0,0.0,0.0,0.0,0.0,0.0,0,0,0,0,0
2026,6,5,5,45,59,3.279495,0.0008954,0.00161172,4.85332029744,0.5752208,0.0024794,5.1546386558799995,0.0,11.962818,0.00080586,0.00161172,0.003,0.0,0.0,0.0,14.997,-0.07,22,22,0.0,0.0,0.0,0.0,0.0,0.0,0.0,0.0,0.0,0.0,0.0,0.0,0.0,0,0,0,0,0
2026,6,5,5,46,0,3.28416,0.0,0.00080586,4.845263656839999,0.5739811,0.0024794,5.169140608959999,0.010989,11.910834000000001,0.0,0.00080586,0.003,0.0,0.003,0.0,15.078000000000001,-0.163,22,23,0.0,0.0,0.0,0.0,0.0,0.0,0.0,0.0,0.0,0.0,0.0,0.0,0.0,0,0,0,0,0
2026,6,5,5,46,1,3.273275,0.0008954,0.00080586,4.83237303188,0.5665429000000001,0.0012397,5.1643066246,0.003663,11.969316000000001,0.00161172,0.00080586,0.006,0.0,0.003,0.0,14.998000000000001,-0.228,22,22,0.0,0.0,0.0,0.0,0.0,0.0,0.0,0.0,0.0,0.0,0.0,0.0,0.0,0,0,0,0,0
2026,6,5,5,46,2,3.2965999999999998,0.0017908,0.00161172,4.8468749849599995,0.5070373,0.0024794,5.1868652182799995,0.0,11.936826,0.00161172,0.00161172,0.003,0.0,0.003,0.0,15.054,-0.213,22,22,0.0,0.0,0.0,0.0,0.0,0.0,0.0,0.0,0.0,0.0,0.0,0.0,0.0,0,0,0,0,0
2026,6,5,5,46,3,3.288825,0.0,0.00322344,4.8500976412,0.5355504,0.0,5.17880857768,0.007326,11.95632,0.0,0.00322344,0.003,0.0,0.003,0.0,15.023,-0.231,23,23,0.0,0.0,0.0,0.0,0.0,0.0,0.0,0.0,0.0,0.0,0.0,0.0,0.0,0,0,0,0,0
2026,6,5,5,46,4,3.295045,0.0008954,0.00080586,4.845263656839999,0.5392695000000001,0.0,5.169140608959999,0.003663,11.897838,0.00161172,0.00080586,0.003,0.0,0.003,0.0,14.986,-0.15,22,22,0.0,0.0,0.0,0.0,0.0,0.0,0.0,0.0,0.0,0.0,0.0,0.0,0.0,0,0,0,0,0
2026,6,5,5,46,5,3.28416,0.0017908,0.00161172,4.83398436,0.5343107,0.0,5.156249984,0.007326,11.943324,0.0,0.00161172,0.003,0.0,0.003,0.0,14.966000000000001,-0.17300000000000001,22,22,0.0,0.0,0.0,0.0,0.0,0.0,0.0,0.0,0.0,0.0,0.0,0.0,0.0,0,0,0,0,0
2026,6,5,5,46,6,3.2826049999999998,0.0008954,0.00161172,4.83881834436,0.5256328,0.0024794,5.15141599964,0.0,11.910834000000001,0.00161172,0.00161172,0.003,0.0,0.003,0.0,15.054,-0.203,22,22,0.0,0.0,0.0,0.0,0.0,0.0,0.0,0.0,0.0,0.0,0.0,0.0,0.0,0,0,0,0,0
2026,6,5,5,46,7,3.2826049999999998,0.0008954,0.00161172,4.8645995942799996,0.5330710000000001,0.0012397,5.18203123392,0.007326,11.917332,0.00161172,0.00161172,0.003,0.0,0.003,0.0,15.054,-0.203,22,22,0.0,0.0,0.0,0.0,0.0,0.0,0.0,0.0,0.0,0.0,0.0,0.0,0.0,0,0,0,0,0
2026,6,5,5,46,8,3.291935,0.0017908,0.00161172,4.845263656839999,0.5454680000000001,0.0024794,5.1804199058,0.007326,11.943324,0.00080586,0.00161172,0.003,0.0,0.003,0.0,15.051,-0.11800000000000001,22,22,0.0,0.0,0.0,0.0,0.0,0.0,0.0,0.0,0.0,0.0,0.0,0.0,0.0,0,0,0,0,0
2026,6,5,5,46,9,3.291935,0.0017908,0.00080586,4.83559568812,0.5591047,0.0024794,5.1723632652,0.0,11.897838,0.00161172,0.00080586,0.003,0.0,0.003,0.0,15.051,-0.11800000000000001,22,22,0.0,0.0,0.0,0.0,0.0,0.0,0.0,0.0,0.0,0.0,0.0,0.0,0.0,0,0,0,0,0
2026,6,5,5,46,10,3.2826049999999998,0.0017908,0.00161172,4.83720701624,0.5355504,0.0012397,5.1804199058,0.007326,11.917332,0.0,0.00161172,0.003,0.0,0.003,0.0,14.957,-0.211,22,22,0.0,0.0,0.0,0.0,0.0,0.0,0.0,0.0,0.0,0.0,0.0,0.0,0.0,0,0,0,0,0
2026,6,5,5,46,11,3.304375,0.0017908,0.00080586,4.8468749849599995,0.5045579,0.0,5.14658201528,0.0,11.852352,0.00080586,0.00080586,0.003,0.0,0.003,0.0,15.069,-0.123,22,22,0.0,0.0,0.0,0.0,0.0,0.0,0.0,0.0,0.0,0.0,0.0,0.0,0.0,0,0,0,0,0
2026,6,5,5,46,12,3.273275,0.0017908,0.00161172,4.85332029744,0.5281122,0.0,5.1868652182799995,0.007326,11.917332,0.00080586,0.00161172,0.003,0.0,0.003,0.0,14.962,-0.157,22,22,0.0,0.0,0.0,0.0,0.0,0.0,0.0,0.0,0.0,0.0,0.0,0.0,0.0,0,0,0,0,0
2026,6,5,5,46,13,3.28416,0.0017908,0.00161172,4.845263656839999,0.557865,0.0024794,5.17558592144,0.007326,11.897838,0.00080586,0.00161172,0.003,0.0,0.003,0.0,15.106,-0.094,22,22,0.0,0.0,0.0,0.0,0.0,0.0,0.0,0.0,0.0,0.0,0.0,0.0,0.0,0,0,0,0,0
2026,6,5,5,46,14,3.2826049999999998,0.0,0.00161172,4.8468749849599995,0.5491871,0.0024794,5.156249984,0.0,11.92383,0.00161172,0.00161172,0.003,0.0,0.003,0.0,15.078000000000001,-0.113,22,21,0.0,0.0,0.0,0.0,0.0,0.0,0.0,0.0,0.0,0.0,0.0,0.0,0.0,0,0,0,0,0
2026,6,5,5,46,15,3.291935,0.0,0.00161172,4.85332029744,0.5516665000000001,0.0,5.169140608959999,0.007326,11.897838,0.00080586,0.00161172,0.003,0.0,0.003,0.0,15.078000000000001,-0.113,22,23,0.0,0.0,0.0,0.0,0.0,0.0,0.0,0.0,0.0,0.0,0.0,0.0,0.0,0,0,0,0,0
2026,6,5,5,46,16,3.295045,0.0017908,0.00161172,4.85332029744,0.5442283,0.0,5.1546386558799995,0.007326,11.936826,0.00161172,0.00161172,0.003,0.0,0.003,0.0,15.040000000000001,-0.17200000000000001,22,22,0.0,0.0,0.0,0.0,0.0,0.0,0.0,0.0,0.0,0.0,0.0,0.0,0.0,0,0,0,0,0
2026,6,5,5,46,17,3.28416,0.0008954,0.00080586,4.83559568812,0.5467077,0.0,5.17558592144,0.007326,11.897838,0.00161172,0.00080586,0.003,0.0,0.003,0.0,15.040000000000001,-0.17200000000000001,22,23,0.0,0.0,0.0,0.0,0.0,0.0,0.0,0.0,0.0,0.0,0.0,0.0,0.0,0,0,0,0,0
2026,6,5,5,46,18,3.279495,0.0,0.00161172,4.8259277194,0.5454680000000001,0.0024794,5.17558592144,0.0,11.884842,0.00161172,0.00161172,0.003,0.0,0.003,0.0,14.974,-0.17,22,23,0.0,0.0,0.0,0.0,0.0,0.0,0.0,0.0,0.0,0.0,0.0,0.0,0.0,0,0,0,0,0
2026,6,5,5,46,19,3.279495,0.0,0.00161172,4.8420410006,0.5677826,0.0,5.17397459332,0.007326,11.930328000000001,0.00161172,0.00161172,0.003,0.0,0.003,0.0,14.974,-0.17,22,22,0.0,0.0,0.0,0.0,0.0,0.0,0.0,0.0,0.0,0.0,0.0,0.0,0.0,0,0,0,0,0
2026,6,5,5,46,20,3.27483,0.0,0.00080586,4.8468749849599995,0.5343107,0.0,5.1643066246,0.007326,11.930328000000001,0.00161172,0.00080586,0.003,0.0,0.003,0.0,14.958,-0.17500000000000002,23,21,0.0,0.0,0.0,0.0,0.0,0.0,0.0,0.0,0.0,0.0,0.0,0.0,0.0,0,0,0,0,0
2026,6,5,5,46,21,3.27483,0.0017908,0.00161172,4.8468749849599995,0.5305916,0.0012397,5.15786131212,0.007326,11.962818,0.0,0.00161172,0.003,0.0,0.003,0.0,15.053,-0.14200000000000002,22,22,0.0,0.0,0.0,0.0,0.0,0.0,0.0,0.0,0.0,0.0,0.0,0.0,0.0,0,0,0,0,0
2026,6,5,5,46,22,3.2965999999999998,0.0017908,0.00080586,4.845263656839999,0.5380298,0.0024794,5.16752928084,0.007326,11.949822000000001,0.00161172,0.00080586,0.003,0.0,0.003,0.0,15.053,-0.14200000000000002,22,22,0.0,0.0,0.0,0.0,0.0,0.0,0.0,0.0,0.0,0.0,0.0,0.0,0.0,0,0,0,0,0
2026,6,5,5,46,23,3.2826049999999998,0.0,0.00080586,4.845263656839999,0.557865,0.0,5.169140608959999,0.010989,11.897838,0.0,0.00080586,0.003,0.0,0.003,0.0,15.036,-0.161,22,23,0.0,0.0,0.0,0.0,0.0,0.0,0.0,0.0,0.0,0.0,0.0,0.0,0.0,0,0,0,0,0
2026,6,5,5,46,24,3.28416,0.0017908,0.00161172,4.83237303188,0.5541459,0.0,5.17397459332,0.0,11.904336,0.00161172,0.00161172,0.003,0.0,0.003,0.0,15.088000000000001,-0.188,22,22,0.0,0.0,0.0,0.0,0.0,0.0,0.0,0.0,0.0,0.0,0.0,0.0,0.0,0,0,0,0,0
2026,6,5,5,46,25,3.2997099999999997,0.0008954,0.00161172,4.8645995942799996,0.5504268,0.0024794,5.156249984,0.007326,11.936826,0.0,0.00161172,0.003,0.0,0.003,0.0,15.088000000000001,-0.188,22,22,0.0,0.0,0.0,0.0,0.0,0.0,0.0,0.0,0.0,0.0,0.0,0.0,0.0,0,0,0,0,0
2026,6,5,5,46,26,3.2997099999999997,0.0017908,0.00161172,4.8484863130799996,0.5491871,0.0,5.16752928084,0.007326,11.917332,0.0,0.00161172,0.003,0.0,0.003,0.0,15.011000000000001,-0.11,22,23,0.0,0.0,0.0,0.0,0.0,0.0,0.0,0.0,0.0,0.0,0.0,0.0,0.0,0,0,0,0,0
2026,6,5,5,46,27,3.2997099999999997,0.0008954,0.00161172,4.85332029744,0.520674,0.0024794,5.1546386558799995,0.0,11.969316000000001,0.0,0.00161172,0.003,0.0,0.003,0.0,15.015,-0.116,22,22,0.0,0.0,0.0,0.0,0.0,0.0,0.0,0.0,0.0,0.0,0.0,0.0,0.0,0,0,0,0,0
2026,6,5,5,46,28,3.276385,0.0008954,0.00161172,4.829150375639999,0.5938163000000001,0.0024794,5.17397459332,0.0,11.917332,0.00080586,0.00161172,0.003,0.0,0.003,0.0,15.015,-0.116,22,23,0.0,0.0,0.0,0.0,0.0,0.0,0.0,0.0,0.0,0.0,0.0,0.0,0.0,0,0,0,0,0
2026,6,5,5,46,29,3.28416,0.0008954,0.00161172,4.8468749849599995,0.5541459,0.0024794,5.1723632652,0.0,11.904336,0.00161172,0.00161172,0.003,0.0,0.003,0.0,15.007,-0.194,22,22,0.0,0.0,0.0,0.0,0.0,0.0,0.0,0.0,0.0,0.0,0.0,0.0,0.0,0,0,0,0,0
2026,6,5,5,46,30,3.27794,0.0,0.00161172,4.8500976412,0.5516665000000001,0.0024794,5.15786131212,0.0,11.92383,0.00161172,0.00161172,0.003,0.0,0.003,0.0,15.034,-0.211,22,23,0.0,0.0,0.0,0.0,0.0,0.0,0.0,0.0,0.0,0.0,0.0,0.0,0.0,0,0,0,0,0
2026,6,5,5,46,31,3.2965999999999998,0.0017908,0.00161172,4.829150375639999,0.5429886,0.0024794,5.1868652182799995,0.0,11.891340000000001,0.00161172,0.00161172,0.003,0.0,0.0,0.0,15.063,-0.153,22,22,0.0,0.0,0.0,0.0,0.0,0.0,0.0,0.0,0.0,0.0,0.0,0.0,0.0,0,0,0,0,0
2026,6,5,5,46,32,3.29038,0.0017908,0.00080586,4.8500976412,0.5727414000000001,0.0012397,5.156249984,0.007326,11.917332,0.00080586,0.00080586,0.003,0.0,0.003,0.0,14.946,-0.13,22,22,0.0,0.0,0.0,0.0,0.0,0.0,0.0,0.0,0.0,0.0,0.0,0.0,0.0,0,0,0,0,0
2026,6,5,5,46,33,3.28416,0.0008954,0.00080586,4.85332029744,0.5442283,0.0,5.17397459332,0.007326,11.904336,0.00080586,0.00080586,0.003,0.0,0.003,0.0,14.964,-0.113,22,22,0.0,0.0,0.0,0.0,0.0,0.0,0.0,0.0,0.0,0.0,0.0,0.0,0.0,0,0,0,0,0
2026,6,5,5,46,34,3.28416,0.0017908,0.00161172,4.845263656839999,0.5330710000000001,0.0024794,5.1546386558799995,0.0,11.92383,0.00161172,0.00161172,0.003,0.0,0.003,0.0,15.01,-0.227,22,22,0.0,0.0,0.0,0.0,0.0,0.0,0.0,0.0,0.0,0.0,0.0,0.0,0.0,0,0,0,0,0
2026,6,5,5,46,35,3.28416,0.0017908,0.00161172,4.8468749849599995,0.5777002,0.0024794,5.17397459332,0.0,11.917332,0.00161172,0.00161172,0.003,0.0,0.003,0.0,14.964,-0.183,23,23,0.0,0.0,0.0,0.0,0.0,0.0,0.0,0.0,0.0,0.0,0.0,0.0,0.0,0,0,0,0,0
2026,6,5,5,46,36,3.291935,0.0008954,0.00161172,4.85332029744,0.5281122,0.0,5.14174803092,0.007326,11.884842,0.0,0.00161172,0.003,0.0,0.003,0.0,15.009,-0.157,22,23,0.0,0.0,0.0,0.0,0.0,0.0,0.0,0.0,0.0,0.0,0.0,0.0,0.0,0,0,0,0,0
2026,6,5,5,46,37,3.28416,0.0017908,0.00161172,4.845263656839999,0.5764605,0.0024794,5.156249984,0.0,11.897838,0.00161172,0.00161172,0.003,0.0,0.003,0.0,15.009,-0.157,22,23,0.0,0.0,0.0,0.0,0.0,0.0,0.0,0.0,0.0,0.0,0.0,0.0,0.0,0,0,0,0,0
2026,6,5,5,46,38,3.27794,0.0008954,0.00161172,4.83559568812,0.5504268,0.0012397,5.17558592144,0.003663,11.917332,0.00161172,0.00161172,0.003,0.0,0.003,0.0,14.989,-0.146,22,22,0.0,0.0,0.0,0.0,0.0,0.0,0.0,0.0,0.0,0.0,0.0,0.0,0.0,0,0,0,0,0
2026,6,5,5,46,39,3.279495,0.0,0.00161172,4.85332029744,0.5380298,0.0,5.16752928084,0.007326,11.975814,0.0,0.00161172,0.003,0.0,0.003,0.0,15.117,-0.232,22,22,0.0,0.0,0.0,0.0,0.0,0.0,0.0,0.0,0.0,0.0,0.0,0.0,0.0,0,0,0,0,0
2026,6,5,5,46,40,3.279495,0.0,0.00080586,4.845263656839999,0.5491871,0.0012397,5.1546386558799995,0.010989,11.897838,0.00161172,0.00080586,0.003,0.0,0.003,0.0,14.92,-0.193,22,23,0.0,0.0,0.0,0.0,0.0,0.0,0.0,0.0,0.0,0.0,0.0,0.0,0.0,0,0,0,0,0
2026,6,5,5,46,41,3.28416,0.0008954,0.00241758,4.845263656839999,0.5343107,0.0024794,5.1546386558799995,0.0,11.897838,0.00161172,0.00241758,0.003,0.0,0.003,0.0,15.045,-0.117,22,21,0.0,0.0,0.0,0.0,0.0,0.0,0.0,0.0,0.0,0.0,0.0,0.0,0.0,0,0,0,0,0
2026,6,5,5,46,42,3.301265,0.0017908,0.00080586,4.83559568812,0.5442283,0.0024794,5.1546386558799995,0.0,11.949822000000001,0.00161172,0.00080586,0.003,0.0,0.003,0.0,14.916,-0.162,23,22,0.0,0.0,0.0,0.0,0.0,0.0,0.0,0.0,0.0,0.0,0.0,0.0,0.0,0,0,0,0,0
2026,6,5,5,46,43,3.301265,0.0017908,0.00161172,4.8500976412,0.5801796,0.0024794,5.16269529648,0.0,11.910834000000001,0.00080586,0.00161172,0.003,0.0,0.003,0.0,14.895,-0.269,23,22,0.0,0.0,0.0,0.0,0.0,0.0,0.0,0.0,0.0,0.0,0.0,0.0,0.0,0,0,0,0,0
2026,6,5,5,46,44,3.27483,0.0,0.00080586,4.83398436,0.5405092,0.0024794,5.16108396836,0.0,11.930328000000001,0.00322344,0.00080586,0.003,0.0,0.003,0.0,15.045,-0.146,22,22,0.0,0.0,0.0,0.0,0.0,0.0,0.0,0.0,0.0,0.0,0.0,0.0,0.0,0,0,0,0,0
2026,6,5,5,46,45,3.27483,0.0,0.00080586,4.85654295368,0.5566253,0.0024794,5.16108396836,0.0,11.92383,0.00161172,0.00080586,0.006,0.0,0.003,0.0,15.045,-0.146,22,21,0.0,0.0,0.0,0.0,0.0,0.0,0.0,0.0,0.0,0.0,0.0,0.0,0.0,0,0,0,0,0
2026,6,5,5,46,49,0.0,0.0,0.0,0.0,0.0,0.0,0.0,0.0,0.0,0.0,0.0,0.0,0.0,0.0,0.0,0.0,0.0,0,0,0.0,0.0,0.0,0.0,0.0,0.0,0.0,0.0,0.0,0.0,0.0,0.0,0.0,0,0,0,0,0
2026,6,5,5,46,50,0.0,0.0,0.0,0.0,0.0,0.0,0.0,0.0,0.0,0.0,0.0,0.0,0.0,0.0,0.0,0.0,0.0,0,0,0.0,0.0,0.0,0.0,0.0,0.0,0.0,0.0,0.0,0.0,0.0,0.0,0.0,0,0,0,0,0
2026,6,5,5,46,51,0.0,0.0,0.0,0.0,0.0,0.0,0.0,0.0,0.0,0.0,0.0,0.0,0.0,0.0,0.0,0.0,0.0,0,0,0.0,0.0,0.0,0.0,0.0,0.0,0.0,0.0,0.0,0.0,0.0,0.0,0.0,0,0,0,0,0
2026,6,5,5,48,35,0.0,0.0,0.0,0.0,0.0,0.0,0.0,0.0,0.0,0.0,0.0,0.0,0.0,0.0,0.0,0.0,0.0,0,0,0.0,0.0,0.0,0.0,0.0,0.0,0.0,0.0,0.0,0.0,0.0,0.0,0.0,0,0,0,0,0
2026,6,5,5,48,36,0.0,0.0,0.0,0.0,0.0,0.0,0.0,0.0,0.0,0.0,0.0,0.0,0.0,0.0,0.0,0.0,0.0,0,0,0.0,0.0,0.0,0.0,0.0,0.0,0.0,0.0,0.0,0.0,0.0,0.0,0.0,0,0,0,0,0
2026,6,5,5,48,40,0.0,0.0,0.0,0.0,0.0,0.0,0.0,0.0,0.0,0.0,0.0,0.0,0.0,0.0,0.0,0.0,0.0,0,0,0.0,0.0,0.0,0.0,0.0,0.0,0.0,0.0,0.0,0.0,0.0,0.0,0.0,0,0,0,0,0
2026,6,5,5,48,41,0.0,0.0,0.0,0.0,0.0,0.0,0.0,0.0,0.0,0.0,0.0,0.0,0.0,0.0,0.0,0.0,0.0,0,0,0.0,0.0,0.0,0.0,0.0,0.0,0.0,0.0,0.0,0.0,0.0,0.0,0.0,0,0,0,0,0
2026,6,5,5,48,42,0.0,0.0,0.0,0.0,0.0,0.0,0.0,0.0,0.0,0.0,0.0,0.0,0.0,0.0,0.0,0.0,0.0,0,0,0.0,0.0,0.0,0.0,0.0,0.0,0.0,0.0,0.0,0.0,0.0,0.0,0.0,0,0,0,0,0
2026,6,5,5,48,43,0.0,0.0,0.0,0.0,0.0,0.0,0.0,0.0,0.0,0.0,0.0,0.0,0.0,0.0,0.0,0.0,0.0,0,0,0.0,0.0,0.0,0.0,0.0,0.0,0.0,0.0,0.0,0.0,0.0,0.0,0.0,0,0,0,0,0
2026,6,5,5,48,44,0.0,0.0,0.0,0.0,0.0,0.0,0.0,0.0,0.0,0.0,0.0,0.0,0.0,0.0,0.0,0.0,0.0,0,0,0.0,0.0,0.0,0.0,0.0,0.0,0.0,0.0,0.0,0.0,0.0,0.0,0.0,0,0,0,0,0
2026,6,5,5,48,45,0.0,0.0,0.0,0.0,0.0,0.0,0.0,0.0,0.0,0.0,0.0,0.0,0.0,0.0,0.0,0.0,0.0,0,0,0.0,0.0,0.0,0.0,0.0,0.0,0.0,0.0,0.0,0.0,0.0,0.0,0.0,0,0,0,0,0
2026,6,5,5,48,46,0.0,0.0,0.0,0.0,0.0,0.0,0.0,0.0,0.0,0.0,0.0,0.0,0.0,0.0,0.0,0.0,0.0,0,0,0.0,0.0,0.0,0.0,0.0,0.0,0.0,0.0,0.0,0.0,0.0,0.0,0.0,0,0,0,0,0
2026,6,5,5,48,47,0.0,0.0,0.0,0.0,0.0,0.0,0.0,0.0,0.0,0.0,0.0,0.0,0.0,0.0,0.0,0.0,0.0,0,0,0.0,0.0,0.0,0.0,0.0,0.0,0.0,0.0,0.0,0.0,0.0,0.0,0.0,0,0,0,0,0
2026,6,5,5,48,48,0.0,0.0,0.0,0.0,0.0,0.0,0.0,0.0,0.0,0.0,0.0,0.0,0.0,0.0,0.0,0.0,0.0,0,0,0.0,0.0,0.0,0.0,0.0,0.0,0.0,0.0,0.0,0.0,0.0,0.0,0.0,0,0,0,0,0
2026,6,5,5,48,49,0.0,0.0,0.0,0.0,0.0,0.0,0.0,0.0,0.0,0.0,0.0,0.0,0.0,0.0,0.0,0.0,0.0,0,0,0.0,0.0,0.0,0.0,0.0,0.0,0.0,0.0,0.0,0.0,0.0,0.0,0.0,0,0,0,0,0
2026,6,5,5,48,50,0.0,0.0,0.0,0.0,0.0,0.0,0.0,0.0,0.0,0.0,0.0,0.0,0.0,0.0,0.0,0.0,0.0,0,0,0.0,0.0,0.0,0.0,0.0,0.0,0.0,0.0,0.0,0.0,0.0,0.0,0.0,0,0,0,0,0
2026,6,5,5,48,51,0.0,0.0,0.0,0.0,0.0,0.0,0.0,0.0,0.0,0.0,0.0,0.0,0.0,0.0,0.0,0.0,0.0,0,0,0.0,0.0,0.0,0.0,0.0,0.0,0.0,0.0,0.0,0.0,0.0,0.0,0.0,0,0,0,0,0
2026,6,5,5,49,27,3.27794,0.0008954,0.00080586,4.85332029744,0.582659,0.0012397,5.16752928084,0.010989,11.917332,0.03384612,0.00080586,0.003,0.0,0.003,0.0,14.987,-0.228,23,22,0.0,0.0,0.0,0.0,0.0,0.0,0.0,0.0,0.0,0.0,0.0,0.0,0.0,0,0,0,0,0
2026,6,5,5,49,28,3.29349,0.0017908,0.00080586,4.8468749849599995,0.5900972,0.0024794,5.1546386558799995,0.0,11.897838,0.017728920000000002,0.00080586,0.003,0.0,0.003,0.0,15.02,-0.226,22,21,0.0,0.0,0.0,0.0,0.0,0.0,0.0,0.0,0.0,0.0,0.0,0.0,0.0,0,0,0,0,0
2026,6,5,5,49,29,3.29038,0.0017908,0.00161172,4.83237303188,0.6000148000000001,0.0024794,5.156249984,0.0,11.871846,0.0322344,0.00161172,0.003,0.0,0.003,0.0,15.038,-0.23,22,22,0.0,0.0,0.0,0.0,0.0,0.0,0.0,0.0,0.0,0.0,0.0,0.0,0.0,0,0,0,0,0
2026,6,5,5,49,30,3.301265,0.0008954,0.00080586,4.8307617037599995,0.5851384000000001,0.0024794,5.1804199058,0.003663,11.884842,0.02578752,0.00080586,0.003,0.0,0.003,0.0,14.998000000000001,-0.274,23,23,0.0,0.0,0.0,0.0,0.0,0.0,0.0,0.0,0.0,0.0,0.0,0.0,0.0,0,0,0,0,0
2026,6,5,5,49,31,3.27794,0.0017908,0.00080586,4.82753904752,0.5529062,0.0012397,5.1804199058,0.007326,11.878344,0.02659338,0.00080586,0.003,0.0,0.003,0.0,14.921000000000001,-0.251,23,23,0.0,0.0,0.0,0.0,0.0,0.0,0.0,0.0,0.0,0.0,0.0,0.0,0.0,0,0,0,0,0
2026,6,5,5,49,32,3.295045,0.0008954,0.00161172,4.845263656839999,0.5789399000000001,0.0024794,5.169140608959999,0.0,11.865348000000001,0.04512816,0.00161172,0.003,0.0,0.003,0.0,14.921000000000001,-0.251,23,22,0.0,0.0,0.0,0.0,0.0,0.0,0.0,0.0,0.0,0.0,0.0,0.0,0.0,0,0,0,0,0
2026,6,5,5,49,33,3.295045,0.0008954,0.00161172,4.85170896932,0.5838987,0.0024794,5.18203123392,0.007326,11.878344,0.007252740000000001,0.00161172,0.003,0.0,0.003,0.0,14.907,-0.262,22,21,0.0,0.0,0.0,0.0,0.0,0.0,0.0,0.0,0.0,0.0,0.0,0.0,0.0,0,0,0,0,0
2026,6,5,5,49,34,3.279495,0.0017908,0.00080586,4.83881834436,0.5900972,0.0037191000000000004,5.15947264024,0.0,11.930328000000001,0.0443223,0.00080586,0.003,0.0,0.003,0.0,14.882,-0.255,23,22,0.0,0.0,0.0,0.0,0.0,0.0,0.0,0.0,0.0,0.0,0.0,0.0,0.0,0,0,0,0,0
2026,6,5,5,49,35,3.2826049999999998,0.0017908,0.00161172,4.82431639128,0.5801796,0.0024794,5.169140608959999,0.010989,11.878344,0.015311340000000001,0.00161172,0.003,0.0,0.003,0.0,14.991,-0.247,22,22,0.0,0.0,0.0,0.0,0.0,0.0,0.0,0.0,0.0,0.0,0.0,0.0,0.0,0,0,0,0,0
2026,6,5,5,49,36,3.295045,0.0,0.00080586,4.83559568812,0.5938163000000001,0.0024794,5.15947264024,0.0,11.92383,0.03384612,0.00080586,0.003,0.0,0.003,0.0,15.013,-0.248,23,22,0.0,0.0,0.0,0.0,0.0,0.0,0.0,0.0,0.0,0.0,0.0,0.0,0.0,0,0,0,0,0
2026,6,5,5,49,37,3.276385,0.0008954,0.00080586,4.83237303188,0.5690223,0.0012397,5.16752928084,0.010989,11.930328000000001,0.0322344,0.00080586,0.003,0.0,0.003,0.0,14.977,-0.245,22,22,0.0,0.0,0.0,0.0,0.0,0.0,0.0,0.0,0.0,0.0,0.0,0.0,0.0,0,0,0,0,0
2026,6,5,5,49,38,3.276385,0.0008954,0.00322344,4.83720701624,0.5876178,0.0024794,5.17880857768,0.0,11.891340000000001,0.024981660000000003,0.00322344,0.003,0.0,0.003,0.0,14.977,-0.245,22,21,0.0,0.0,0.0,0.0,0.0,0.0,0.0,0.0,0.0,0.0,0.0,0.0,0.0,0,0,0,0,0
2026,6,5,5,49,39,3.28416,0.0,0.00080586,4.829150375639999,0.5566253,0.0012397,5.1707519370799995,0.007326,11.865348000000001,0.02256408,0.00080586,0.003,0.0,0.003,0.0,15.033,-0.232,22,22,0.0,0.0,0.0,0.0,0.0,0.0,0.0,0.0,0.0,0.0,0.0,0.0,0.0,0,0,0,0,0
2026,6,5,5,49,40,3.2826049999999998,0.0017908,0.00080586,4.8468749849599995,0.595056,0.0,5.16752928084,0.0,11.930328000000001,0.015311340000000001,0.00080586,0.003,0.0,0.003,0.0,15.030000000000001,-0.259,22,23,0.0,0.0,0.0,0.0,0.0,0.0,0.0,0.0,0.0,0.0,0.0,0.0,0.0,0,0,0,0,0
2026,6,5,5,49,41,3.2717199999999997,0.0017908,0.00080586,4.83881834436,0.5727414000000001,0.0024794,5.15786131212,0.007326,11.917332,0.014505480000000001,0.00080586,0.003,0.0,0.003,0.0,14.858,-0.217,23,23,0.0,0.0,0.0,0.0,0.0,0.0,0.0,0.0,0.0,0.0,0.0,0.0,0.0,0,0,0,0,0
2026,6,5,5,49,42,3.295045,0.0008954,0.00080586,4.8468749849599995,0.5677826,0.0,5.169140608959999,0.010989,11.95632,0.02578752,0.00080586,0.003,0.0,0.003,0.0,14.967,-0.23,22,22,0.0,0.0,0.0,0.0,0.0,0.0,0.0,0.0,0.0,0.0,0.0,0.0,0.0,0,0,0,0,0
2026,6,5,5,49,43,3.273275,0.0008954,0.00322344,4.8259277194,0.5801796,0.0024794,5.16269529648,0.0,11.871846,0.0040293,0.00322344,0.003,0.0,0.003,0.0,14.967,-0.23,22,22,0.0,0.0,0.0,0.0,0.0,0.0,0.0,0.0,0.0,0.0,0.0,0.0,0.0,0,0,0,0,0
2026,6,5,5,49,44,3.279495,0.0008954,0.00080586,4.8500976412,0.5789399000000001,0.0,5.15947264024,0.007326,11.897838,0.02175822,0.00080586,0.003,0.0,0.003,0.0,15.012,-0.202,22,22,0.0,0.0,0.0,0.0,0.0,0.0,0.0,0.0,0.0,0.0,0.0,0.0,0.0,0,0,0,0,0
2026,6,5,5,49,45,3.2826049999999998,0.0,0.00161172,4.83398436,0.5913369,0.0024794,5.185253890159999,0.0,11.865348000000001,0.030622680000000003,0.00161172,0.003,0.0,0.003,0.0,14.941,-0.245,23,23,0.0,0.0,0.0,0.0,0.0,0.0,0.0,0.0,0.0,0.0,0.0,0.0,0.0,0,0,0,0,0
2026,6,5,5,49,46,3.2965999999999998,0.0,0.00080586,4.83398436,0.5752208,0.0012397,5.17558592144,0.007326,11.884842,0.01853478,0.00080586,0.003,0.0,0.003,0.0,15.032,-0.214,22,22,0.0,0.0,0.0,0.0,0.0,0.0,0.0,0.0,0.0,0.0,0.0,0.0,0.0,0,0,0,0,0
2026,6,5,5,49,47,3.28105,0.0,0.00080586,4.84365232872,0.5690223,0.0,5.17719724956,0.003663,11.878344,0.02175822,0.00080586,0.003,0.0,0.003,0.0,14.981,-0.219,22,22,0.0,0.0,0.0,0.0,0.0,0.0,0.0,0.0,0.0,0.0,0.0,0.0,0.0,0,0,0,0,0
2026,6,5,5,49,48,3.298155,0.0,0.00161172,4.8468749849599995,0.5777002,0.0012397,5.1643066246,0.0,11.943324,0.01289376,0.00161172,0.003,0.0,0.003,0.0,14.981,-0.219,22,22,0.0,0.0,0.0,0.0,0.0,0.0,0.0,0.0,0.0,0.0,0.0,0.0,0.0,0,0,0,0,0
2026,6,5,5,49,49,3.298155,0.0017908,0.00322344,4.82270506316,0.5801796,0.0012397,5.18364256204,0.003663,11.891340000000001,0.00967032,0.00322344,0.003,0.0,0.003,0.0,14.953000000000001,-0.254,23,23,0.0,0.0,0.0,0.0,0.0,0.0,0.0,0.0,0.0,0.0,0.0,0.0,0.0,0,0,0,0,0
2026,6,5,5,49,50,3.2965999999999998,0.0,0.00241758,4.83398436,0.5814193,0.0,5.19008787452,0.003663,11.917332,0.017728920000000002,0.00241758,0.003,0.0,0.003,0.0,15.078000000000001,-0.23800000000000002,22,21,0.0,0.0,0.0,0.0,0.0,0.0,0.0,0.0,0.0,0.0,0.0,0.0,0.0,0,0,0,0,0
2026,6,5,5,49,51,3.2965999999999998,0.0,0.00080586,4.83881834436,0.5814193,0.0024794,5.17880857768,0.003663,11.878344,0.0241758,0.00080586,0.003,0.0,0.003,0.0,15.052,-0.209,22,22,0.0,0.0,0.0,0.0,0.0,0.0,0.0,0.0,0.0,0.0,0.0,0.0,0.0,0,0,0,0,0
2026,6,5,5,49,52,3.2965999999999998,0.0,0.00080586,4.83237303188,0.5479474,0.0,5.169140608959999,0.007326,11.85885,0.023369940000000002,0.00080586,0.003,0.0,0.003,0.0,15.016,-0.23,23,23,0.0,0.0,0.0,0.0,0.0,0.0,0.0,0.0,0.0,0.0,0.0,0.0,0.0,0,0,0,0,0
2026,6,5,5,49,53,3.29038,0.0008954,0.00161172,4.829150375639999,0.5888575,0.0012397,5.16108396836,0.0,11.95632,0.031428540000000005,0.00161172,0.003,0.0,0.003,0.0,14.870000000000001,-0.23,23,22,0.0,0.0,0.0,0.0,0.0,0.0,0.0,0.0,0.0,0.0,0.0,0.0,0.0,0,0,0,0,0
2026,6,5,5,49,54,3.30593,0.0008954,0.00241758,4.8468749849599995,0.5529062,0.0,5.17719724956,0.007326,11.884842,0.017728920000000002,0.00241758,0.003,0.0,0.003,0.0,14.923,-0.248,23,22,0.0,0.0,0.0,0.0,0.0,0.0,0.0,0.0,0.0,0.0,0.0,0.0,0.0,0,0,0,0,0
2026,6,5,5,49,55,3.2826049999999998,0.0017908,0.00161172,4.83398436,0.5727414000000001,0.0,5.17719724956,0.010989,11.884842,0.017728920000000002,0.00161172,0.003,0.0,0.003,0.0,14.925,-0.264,23,23,0.0,0.0,0.0,0.0,0.0,0.0,0.0,0.0,0.0,0.0,0.0,0.0,0.0,0,0,0,0,0
2026,6,5,5,49,56,3.301265,0.0017908,0.0040293,4.83881834436,0.5243931000000001,0.0012397,5.169140608959999,0.007326,11.884842,0.023369940000000002,0.0040293,0.003,0.0,0.003,0.0,14.962,-0.24,23,23,0.0,0.0,0.0,0.0,0.0,0.0,0.0,0.0,0.0,0.0,0.0,0.0,0.0,0,0,0,0,0
2026,6,5,5,49,57,3.28416,0.0017908,0.00080586,4.829150375639999,0.5429886,0.0024794,5.16752928084,0.003663,11.969316000000001,0.03384612,0.00080586,0.006,0.0,0.003,0.0,15.017,-0.177,22,22,0.0,0.0,0.0,0.0,0.0,0.0,0.0,0.0,0.0,0.0,0.0,0.0,0.0,0,0,0,0,0
2026,6,5,5,49,58,3.295045,0.0008954,0.00080586,4.83720701624,0.5479474,0.0,5.17719724956,0.007326,11.904336,0.0483516,0.00080586,0.003,0.0,0.003,0.0,15.069,-0.20600000000000002,22,23,0.0,0.0,0.0,0.0,0.0,0.0,0.0,0.0,0.0,0.0,0.0,0.0,0.0,0,0,0,0,0
2026,6,5,5,49,59,3.28416,0.0017908,0.00241758,4.82753904752,0.5566253,0.0024794,5.1804199058,0.003663,11.878344,0.03706956,0.00241758,0.003,0.0,0.003,0.0,14.922,-0.258,23,23,0.0,0.0,0.0,0.0,0.0,0.0,0.0,0.0,0.0,0.0,0.0,0.0,0.0,0,0,0,0,0
2026,6,5,5,50,0,3.28416,0.0008954,0.00322344,4.8500976412,0.5045579,0.0012397,5.18203123392,0.007326,11.897838,0.03465198,0.00322344,0.003,0.0,0.0,0.0,15.057,-0.232,22,23,0.0,0.0,0.0,0.0,0.0,0.0,0.0,0.0,0.0,0.0,0.0,0.0,0.0,0,0,0,0,0
2026,6,5,5,50,1,3.28416,0.0008954,0.00161172,4.83559568812,0.5057976000000001,0.0,5.169140608959999,0.007326,11.92383,0.00967032,0.00161172,0.003,0.0,0.003,0.0,15.057,-0.232,22,23,0.0,0.0,0.0,0.0,0.0,0.0,0.0,0.0,0.0,0.0,0.0,0.0,0.0,0,0,0,0,0
2026,6,5,5,50,2,3.2826049999999998,0.0,0.00080586,4.82753904752,0.4909212,0.0037191000000000004,5.1804199058,0.007326,11.891340000000001,0.027399240000000002,0.00080586,0.003,0.0,0.003,0.0,14.91,-0.23700000000000002,22,22,0.0,0.0,0.0,0.0,0.0,0.0,0.0,0.0,0.0,0.0,0.0,0.0,0.0,0,0,0,0,0
2026,6,5,5,50,3,3.28416,0.0,0.00080586,4.8500976412,0.5169549,0.0,5.169140608959999,0.003663,11.878344,0.02578752,0.00080586,0.003,0.0,0.003,0.0,14.945,-0.272,23,22,0.0,0.0,0.0,0.0,0.0,0.0,0.0,0.0,0.0,0.0,0.0,0.0,0.0,0,0,0,0,0
2026,6,5,5,50,4,3.28416,0.0,0.00241758,4.83398436,0.5231534,0.0024794,5.17397459332,0.0,11.930328000000001,0.0241758,0.00241758,0.003,0.0,0.003,0.0,14.945,-0.272,23,22,0.0,0.0,0.0,0.0,0.0,0.0,0.0,0.0,0.0,0.0,0.0,0.0,0.0,0,0,0,0,0
2026,6,5,5,50,5,3.291935,0.0008954,0.00161172,4.83237303188,0.5268725,0.0012397,5.15786131212,0.007326,11.917332,0.03868128,0.00161172,0.003,0.0,0.003,0.0,14.913,-0.312,23,23,0.0,0.0,0.0,0.0,0.0,0.0,0.0,0.0,0.0,0.0,0.0,0.0,0.0,0,0,0,0,0
2026,6,5,5,50,6,3.295045,0.0008954,0.00080586,4.8500976412,0.520674,0.0,5.156249984,0.010989,11.85885,0.02175822,0.00080586,0.003,0.0,0.003,0.0,15.053,-0.23900000000000002,23,22,0.0,0.0,0.0,0.0,0.0,0.0,0.0,0.0,0.0,0.0,0.0,0.0,0.0,0,0,0,0,0
2026,6,5,5,50,7,3.28416,0.0,0.00080586,4.8500976412,0.5256328,0.0024794,5.156249984,0.0,11.910834000000001,0.02578752,0.00080586,0.003,0.0,0.003,0.0,15.039,-0.234,22,23,0.0,0.0,0.0,0.0,0.0,0.0,0.0,0.0,0.0,0.0,0.0,0.0,0.0,0,0,0,0,0
2026,6,5,5,50,8,3.276385,0.0008954,0.00080586,4.829150375639999,0.5516665000000001,0.0,5.17397459332,0.007326,11.891340000000001,0.02175822,0.00080586,0.003,0.0,0.003,0.0,14.992,-0.244,22,23,0.0,0.0,0.0,0.0,0.0,0.0,0.0,0.0,0.0,0.0,0.0,0.0,0.0,0,0,0,0,0
2026,6,5,5,50,9,3.276385,0.0008954,0.00322344,4.829150375639999,0.5628238,0.0024794,5.18203123392,0.007326,11.878344,0.007252740000000001,0.00322344,0.003,0.0,0.003,0.0,14.992,-0.244,22,23,0.0,0.0,0.0,0.0,0.0,0.0,0.0,0.0,0.0,0.0,0.0,0.0,0.0,0,0,0,0,0
2026,6,5,5,50,10,3.28727,0.0,0.00080586,4.8420410006,0.5417489,0.0024794,5.17558592144,0.0,11.884842,0.01047618,0.00080586,0.003,0.0,0.003,0.0,15.031,-0.24,23,22,0.0,0.0,0.0,0.0,0.0,0.0,0.0,0.0,0.0,0.0,0.0,0.0,0.0,0,0,0,0,0
2026,6,5,5,50,11,3.28416,0.0,0.00080586,4.83237303188,0.5417489,0.0024794,5.156249984,0.007326,11.871846,0.040293,0.00080586,0.003,0.0,0.003,0.0,15.005,-0.231,23,23,0.0,0.0,0.0,0.0,0.0,0.0,0.0,0.0,0.0,0.0,0.0,0.0,0.0,0,0,0,0,0
2026,6,5,5,50,12,3.28416,0.0,0.00161172,4.8500976412,0.5479474,0.0024794,5.1546386558799995,0.0,11.943324,0.0483516,0.00161172,0.006,0.0,0.003,0.0,15.005,-0.231,23,22,0.0,0.0,0.0,0.0,0.0,0.0,0.0,0.0,0.0,0.0,0.0,0.0,0.0,0,0,0,0,0
2026,6,5,5,50,13,3.2826049999999998,0.0008954,0.00161172,4.8581542818,0.5392695000000001,0.0024794,5.15947264024,0.0,11.897838,0.01853478,0.00161172,0.003,0.0,0.003,0.0,14.9,-0.20700000000000002,22,22,0.0,0.0,0.0,0.0,0.0,0.0,0.0,0.0,0.0,0.0,0.0,0.0,0.0,0,0,0,0,0
2026,6,5,5,50,14,3.2826049999999998,0.0008954,0.00080586,4.85654295368,0.5305916,0.0012397,5.16752928084,0.010989,11.936826,0.04109886,0.00080586,0.003,0.0,0.003,0.0,14.9,-0.20700000000000002,22,22,0.0,0.0,0.0,0.0,0.0,0.0,0.0,0.0,0.0,0.0,0.0,0.0,0.0,0,0,0,0,0
2026,6,5,5,50,15,3.2826049999999998,0.0008954,0.00161172,4.85332029744,0.5541459,0.0,5.1723632652,0.007326,11.884842,0.01692306,0.00161172,0.003,0.0,0.003,0.0,15.039,-0.219,23,22,0.0,0.0,0.0,0.0,0.0,0.0,0.0,0.0,0.0,0.0,0.0,0.0,0.0,0,0,0,0,0
2026,6,5,5,50,16,3.27483,0.0008954,0.00161172,4.8259277194,0.5169549,0.0,5.19331053076,0.007326,11.92383,0.049963320000000006,0.00161172,0.003,0.0,0.003,0.0,14.948,-0.277,23,23,0.0,0.0,0.0,0.0,0.0,0.0,0.0,0.0,0.0,0.0,0.0,0.0,0.0,0,0,0,0,0
2026,6,5,5,50,17,3.28416,0.0,0.00080586,4.8259277194,0.5429886,0.0012397,5.1804199058,0.003663,11.865348000000001,0.027399240000000002,0.00080586,0.006,0.0,0.003,0.0,14.948,-0.277,23,23,0.0,0.0,0.0,0.0,0.0,0.0,0.0,0.0,0.0,0.0,0.0,0.0,0.0,0,0,0,0,0
2026,6,5,5,50,18,3.276385,0.0008954,0.00161172,4.82109373504,0.5491871,0.0,5.1723632652,0.010989,11.95632,0.03868128,0.00161172,0.003,0.0,0.003,0.0,14.945,-0.254,23,22,0.0,0.0,0.0,0.0,0.0,0.0,0.0,0.0,0.0,0.0,0.0,0.0,0.0,0,0,0,0,0
2026,6,5,5,50,19,3.276385,0.0008954,0.00080586,4.829150375639999,0.5281122,0.0,5.1546386558799995,0.010989,11.930328000000001,0.014505480000000001,0.00080586,0.003,0.0,0.003,0.0,14.945,-0.254,23,23,0.0,0.0,0.0,0.0,0.0,0.0,0.0,0.0,0.0,0.0,0.0,0.0,0.0,0,0,0,0,0
2026,6,5,5,50,20,3.28416,0.0008954,0.00161172,4.829150375639999,0.5417489,0.0024794,5.15947264024,0.003663,11.884842,0.0201465,0.00161172,0.003,0.0,0.0,0.0,14.914,-0.23800000000000002,22,23,0.0,0.0,0.0,0.0,0.0,0.0,0.0,0.0,0.0,0.0,0.0,0.0,0.0,0,0,0,0,0
2026,6,5,5,50,21,3.28416,0.0008954,0.00080586,4.8581542818,0.5243931000000001,0.0012397,5.15141599964,0.007326,11.897838,0.030622680000000003,0.00080586,0.003,0.0,0.0,0.0,15.011000000000001,-0.281,23,21,0.0,0.0,0.0,0.0,0.0,0.0,0.0,0.0,0.0,0.0,0.0,0.0,0.0,0,0,0,0,0
2026,6,5,5,50,22,3.295045,0.0008954,0.00080586,4.85332029744,0.5789399000000001,0.0,5.156249984,0.007326,11.884842,0.027399240000000002,0.00080586,0.003,0.0,0.003,0.0,14.909,-0.199,23,23,0.0,0.0,0.0,0.0,0.0,0.0,0.0,0.0,0.0,0.0,0.0,0.0,0.0,0,0,0,0,0
2026,6,5,5,50,23,3.295045,0.0008954,0.00161172,4.83881834436,0.520674,0.0,5.169140608959999,0.010989,11.897838,0.013699620000000001,0.00161172,0.003,0.0,0.003,0.0,14.909,-0.199,23,23,0.0,0.0,0.0,0.0,0.0,0.0,0.0,0.0,0.0,0.0,0.0,0.0,0.0,0,0,0,0,0
2026,6,5,5,50,24,3.279495,0.0,0.00161172,4.85332029744,0.5479474,0.0024794,5.17397459332,0.0,11.943324,0.040293,0.00161172,0.003,0.0,0.003,0.0,14.947000000000001,-0.234,23,22,0.0,0.0,0.0,0.0,0.0,0.0,0.0,0.0,0.0,0.0,0.0,0.0,0.0,0,0,0,0,0
2026,6,5,5,50,25,3.288825,0.0008954,0.00161172,4.83237303188,0.5529062,0.0012397,5.1546386558799995,0.010989,11.936826,0.04351644,0.00161172,0.003,0.0,0.003,0.0,14.947000000000001,-0.234,23,22,0.0,0.0,0.0,0.0,0.0,0.0,0.0,0.0,0.0,0.0,0.0,0.0,0.0,0,0,0,0,0
2026,6,5,5,50,26,3.27483,0.0017908,0.00080586,4.83398436,0.5603444000000001,0.0,5.16108396836,0.003663,11.897838,0.04190472,0.00080586,0.003,0.0,0.003,0.0,15.024000000000001,-0.269,23,22,0.0,0.0,0.0,0.0,0.0,0.0,0.0,0.0,0.0,0.0,0.0,0.0,0.0,0,0,0,0,0
2026,6,5,5,50,27,3.27483,0.0017908,0.00080586,4.8468749849599995,0.5715017,0.0024794,5.1546386558799995,0.007326,11.936826,0.0161172,0.00080586,0.003,0.0,0.003,0.0,15.024000000000001,-0.269,23,22,0.0,0.0,0.0,0.0,0.0,0.0,0.0,0.0,0.0,0.0,0.0,0.0,0.0,0,0,0,0,0
2026,6,5,5,50,28,3.279495,0.0,0.00161172,4.83398436,0.5615841,0.0024794,5.16108396836,0.007326,11.936826,0.0201465,0.00161172,0.003,0.0,0.003,0.0,14.983,-0.249,23,23,0.0,0.0,0.0,0.0,0.0,0.0,0.0,0.0,0.0,0.0,0.0,0.0,0.0,0,0,0,0,0
2026,6,5,5,50,29,3.279495,0.0,0.00080586,4.8468749849599995,0.5392695000000001,0.0024794,5.1884765464,0.007326,11.878344,0.015311340000000001,0.00080586,0.003,0.0,0.003,0.0,14.953000000000001,-0.20700000000000002,23,22,0.0,0.0,0.0,0.0,0.0,0.0,0.0,0.0,0.0,0.0,0.0,0.0,0.0,0,0,0,0,0
2026,6,5,5,50,30,3.291935,0.0017908,0.00161172,4.83881834436,0.5479474,0.0012397,5.156249984,0.0,11.865348000000001,0.042710580000000005,0.00161172,0.003,0.0,0.003,0.0,14.885,-0.266,23,24,0.0,0.0,0.0,0.0,0.0,0.0,0.0,0.0,0.0,0.0,0.0,0.0,0.0,0,0,0,0,0
2026,6,5,5,50,31,3.291935,0.0017908,0.00080586,4.8307617037599995,0.5417489,0.0012397,5.17558592144,0.007326,11.878344,0.03787542,0.00080586,0.003,0.0,0.003,0.0,14.939,-0.23700000000000002,23,24,0.0,0.0,0.0,0.0,0.0,0.0,0.0,0.0,0.0,0.0,0.0,0.0,0.0,0,0,0,0,0
2026,6,5,5,50,32,3.291935,0.0017908,0.00161172,4.83237303188,0.6161309,0.0,5.16269529648,0.007326,11.897838,0.01289376,0.00161172,0.003,0.0,0.003,0.0,15.049,-0.251,22,22,0.0,0.0,0.0,0.0,0.0,0.0,0.0,0.0,0.0,0.0,0.0,0.0,0.0,0,0,0,0,0
2026,6,5,5,50,33,3.291935,0.0017908,0.00080586,4.8468749849599995,0.5615841,0.0024794,5.169140608959999,0.0,11.897838,0.04754574,0.00080586,0.003,0.0,0.003,0.0,15.049,-0.251,22,24,0.0,0.0,0.0,0.0,0.0,0.0,0.0,0.0,0.0,0.0,0.0,0.0,0.0,0,0,0,0,0
2026,6,5,5,50,34,3.291935,0.0017908,0.00080586,4.8581542818,0.5467077,0.0012397,5.1546386558799995,0.003663,11.949822000000001,0.03304026,0.00080586,0.003,0.0,0.003,0.0,14.861,-0.28600000000000003,23,22,0.0,0.0,0.0,0.0,0.0,0.0,0.0,0.0,0.0,0.0,0.0,0.0,0.0,0,0,0,0,0
2026,6,5,5,50,35,3.28416,0.0,0.00080586,4.83720701624,0.5169549,0.0024794,5.16269529648,0.010989,11.897838,0.029010960000000002,0.00080586,0.003,0.0,0.003,0.0,14.861,-0.28600000000000003,23,23,0.0,0.0,0.0,0.0,0.0,0.0,0.0,0.0,0.0,0.0,0.0,0.0,0.0,0,0,0,0,0
2026,6,5,5,50,36,3.28416,0.0,0.00161172,4.8468749849599995,0.5417489,0.0,5.15947264024,0.010989,11.92383,0.02578752,0.00161172,0.003,0.0,0.003,0.0,14.861,-0.253,23,23,0.0,0.0,0.0,0.0,0.0,0.0,0.0,0.0,0.0,0.0,0.0,0.0,0.0,0,0,0,0,0
2026,6,5,5,50,37,3.29038,0.0,0.00161172,4.83881834436,0.5529062,0.0024794,5.15786131212,0.007326,11.92383,0.030622680000000003,0.00161172,0.003,0.0,0.003,0.0,14.859,-0.196,22,22,0.0,0.0,0.0,0.0,0.0,0.0,0.0,0.0,0.0,0.0,0.0,0.0,0.0,0,0,0,0,0
2026,6,5,5,50,38,3.291935,0.0008954,0.00161172,4.8468749849599995,0.5380298,0.0012397,5.17397459332,0.007326,11.949822000000001,0.0362637,0.00161172,0.003,0.0,0.003,0.0,14.951,-0.299,23,23,0.0,0.0,0.0,0.0,0.0,0.0,0.0,0.0,0.0,0.0,0.0,0.0,0.0,0,0,0,0,0
2026,6,5,5,50,39,3.28105,0.0,0.00080586,4.85332029744,0.5367901,0.0024794,5.17719724956,0.0,11.917332,0.030622680000000003,0.00080586,0.003,0.0,0.003,0.0,14.927,-0.149,23,22,0.0,0.0,0.0,0.0,0.0,0.0,0.0,0.0,0.0,0.0,0.0,0.0,0.0,0,0,0,0,0
2026,6,5,5,50,40,3.28105,0.0,0.00080586,4.8468749849599995,0.520674,0.0,5.156249984,0.007326,11.936826,0.029010960000000002,0.00080586,0.003,0.0,0.003,0.0,14.950000000000001,-0.257,23,23,0.0,0.0,0.0,0.0,0.0,0.0,0.0,0.0,0.0,0.0,0.0,0.0,0.0,0,0,0,0,0
2026,6,5,5,50,41,3.27794,0.0008954,0.00241758,4.83237303188,0.5417489,0.0024794,5.17719724956,0.0,11.865348000000001,0.01853478,0.00241758,0.003,0.0,0.003,0.0,15.061,-0.22,22,23,0.0,0.0,0.0,0.0,0.0,0.0,0.0,0.0,0.0,0.0,0.0,0.0,0.0,0,0,0,0,0
2026,6,5,5,50,42,3.27794,0.0008954,0.00080586,4.83398436,0.5975354,0.0012397,5.17880857768,0.010989,11.878344,0.02578752,0.00080586,0.003,0.0,0.003,0.0,15.061,-0.22,22,22,0.0,0.0,0.0,0.0,0.0,0.0,0.0,0.0,0.0,0.0,0.0,0.0,0.0,0,0,0,0,0
2026,6,5,5,50,43,3.29038,0.0,0.00080586,4.845263656839999,0.5405092,0.0012397,5.16752928084,0.007326,11.891340000000001,0.0322344,0.00080586,0.003,0.0,0.003,0.0,14.997,-0.218,23,23,0.0,0.0,0.0,0.0,0.0,0.0,0.0,0.0,0.0,0.0,0.0,0.0,0.0,0,0,0,0,0
2026,6,5,5,50,44,3.28416,0.0017908,0.00080586,4.83237303188,0.5367901,0.0,5.169140608959999,0.003663,11.92383,0.013699620000000001,0.00080586,0.003,0.0,0.003,0.0,14.918000000000001,-0.248,23,23,0.0,0.0,0.0,0.0,0.0,0.0,0.0,0.0,0.0,0.0,0.0,0.0,0.0,0,0,0,0,0
2026,6,5,5,50,45,3.2857149999999997,0.0008954,0.00080586,4.845263656839999,0.5566253,0.0012397,5.169140608959999,0.007326,11.897838,0.013699620000000001,0.00080586,0.003,0.0,0.0,0.0,15.030000000000001,-0.28300000000000003,23,22,0.0,0.0,0.0,0.0,0.0,0.0,0.0,0.0,0.0,0.0,0.0,0.0,0.0,0,0,0,0,0
2026,6,5,5,50,46,3.2857149999999997,0.0008954,0.00161172,4.84042967248,0.5553856,0.0024794,5.1546386558799995,0.003663,11.930328000000001,0.039487140000000004,0.00161172,0.003,0.0,0.003,0.0,15.030000000000001,-0.28300000000000003,23,22,0.0,0.0,0.0,0.0,0.0,0.0,0.0,0.0,0.0,0.0,0.0,0.0,0.0,0,0,0,0,0
2026,6,5,5,50,47,3.28727,0.0026861999999999997,0.00241758,4.829150375639999,0.5467077,0.0,5.156249984,0.010989,11.936826,0.017728920000000002,0.00241758,0.003,0.0,0.003,0.0,14.872,-0.34,23,24,0.0,0.0,0.0,0.0,0.0,0.0,0.0,0.0,0.0,0.0,0.0,0.0,0.0,0,0,0,0,0
2026,6,5,5,50,48,3.28416,0.0008954,0.00080586,4.8468749849599995,0.5181946000000001,0.0,5.156249984,0.0,11.917332,0.0120879,0.00080586,0.003,0.0,0.003,0.0,14.872,-0.34,23,23,0.0,0.0,0.0,0.0,0.0,0.0,0.0,0.0,0.0,0.0,0.0,0.0,0.0,0,0,0,0,0
2026,6,5,5,50,49,3.28416,0.0008954,0.00080586,4.8468749849599995,0.5181946000000001,0.0024794,5.16752928084,0.0,11.917332,0.01934064,0.00080586,0.003,0.0,0.003,0.0,14.973,-0.22,23,23,0.0,0.0,0.0,0.0,0.0,0.0,0.0,0.0,0.0,0.0,0.0,0.0,0.0,0,0,0,0,0
2026,6,5,5,50,50,3.28416,0.0008954,0.00161172,4.83237303188,0.5380298,0.0024794,5.15786131212,0.0,11.917332,0.0523809,0.00161172,0.003,0.0,0.003,0.0,14.843,-0.305,23,22,0.0,0.0,0.0,0.0,0.0,0.0,0.0,0.0,0.0,0.0,0.0,0.0,0.0,0,0,0,0,0
2026,6,5,5,50,51,3.28416,0.0008954,0.00080586,4.8468749849599995,0.5380298,0.0,5.1546386558799995,0.007326,11.92383,0.027399240000000002,0.00080586,0.003,0.0,0.003,0.0,14.948,-0.232,23,22,0.0,0.0,0.0,0.0,0.0,0.0,0.0,0.0,0.0,0.0,0.0,0.0,0.0,0,0,0,0,0
2026,6,5,5,50,52,3.28416,0.0,0.00080586,4.85493162556,0.5243931000000001,0.0012397,5.15947264024,0.007326,11.884842,0.00322344,0.00080586,0.003,0.0,0.003,0.0,14.854000000000001,-0.23700000000000002,23,24,0.0,0.0,0.0,0.0,0.0,0.0,0.0,0.0,0.0,0.0,0.0,0.0,0.0,0,0,0,0,0
2026,6,5,5,50,53,3.28416,0.0,0.00161172,4.8468749849599995,0.5318313,0.0012397,5.17719724956,0.0,11.904336,0.02256408,0.00161172,0.003,0.0,0.003,0.0,14.854000000000001,-0.23700000000000002,23,23,0.0,0.0,0.0,0.0,0.0,0.0,0.0,0.0,0.0,0.0,0.0,0.0,0.0,0,0,0,0,0
2026,6,5,5,50,54,3.295045,0.0008954,0.00161172,4.8307617037599995,0.5442283,0.0,5.1546386558799995,0.007326,11.92383,0.03868128,0.00161172,0.003,0.0,0.003,0.0,14.941,-0.202,22,23,0.0,0.0,0.0,0.0,0.0,0.0,0.0,0.0,0.0,0.0,0.0,0.0,0.0,0,0,0,0,0
2026,6,5,5,50,55,3.295045,0.0008954,0.00080586,4.829150375639999,0.5219137,0.0012397,5.17558592144,0.007326,11.852352,0.046739880000000004,0.00080586,0.003,0.0,0.003,0.0,14.941,-0.202,22,23,0.0,0.0,0.0,0.0,0.0,0.0,0.0,0.0,0.0,0.0,0.0,0.0,0.0,0,0,0,0,0
2026,6,5,5,50,56,3.295045,0.0008954,0.00241758,4.829150375639999,0.5132358,0.0024794,5.17558592144,0.007326,11.878344,0.0322344,0.00241758,0.003,0.0,0.003,0.0,14.833,-0.21,23,23,0.0,0.0,0.0,0.0,0.0,0.0,0.0,0.0,0.0,0.0,0.0,0.0,0.0,0,0,0,0,0
2026,6,5,5,50,57,3.295045,0.0008954,0.00161172,4.83881834436,0.5628238,0.0,5.156249984,0.0,11.878344,0.03868128,0.00161172,0.003,0.0,0.003,0.0,15.007,-0.246,22,23,0.0,0.0,0.0,0.0,0.0,0.0,0.0,0.0,0.0,0.0,0.0,0.0,0.0,0,0,0,0,0
2026,6,5,5,50,58,3.295045,0.0008954,0.00080586,4.83881834436,0.5256328,0.0024794,5.18203123392,0.007326,11.878344,0.035457840000000004,0.00080586,0.003,0.0,0.003,0.0,15.007,-0.246,22,22,0.0,0.0,0.0,0.0,0.0,0.0,0.0,0.0,0.0,0.0,0.0,0.0,0.0,0,0,0,0,0
2026,6,5,5,50,59,3.28727,0.0008954,0.00080586,4.845263656839999,0.5591047,0.0012397,5.156249984,0.007326,11.897838,0.035457840000000004,0.00080586,0.003,0.0,0.003,0.0,14.998000000000001,-0.261,23,23,0.0,0.0,0.0,0.0,0.0,0.0,0.0,0.0,0.0,0.0,0.0,0.0,0.0,0,0,0,0,0
2026,6,5,5,51,0,3.28727,0.0008954,0.00161172,4.85332029744,0.582659,0.0024794,5.1546386558799995,0.0,11.92383,0.023369940000000002,0.00161172,0.003,0.0,0.003,0.0,14.998000000000001,-0.261,23,23,0.0,0.0,0.0,0.0,0.0,0.0,0.0,0.0,0.0,0.0,0.0,0.0,0.0,0,0,0,0,0
2026,6,5,5,51,1,3.27483,0.0008954,0.00322344,4.845263656839999,0.5516665000000001,0.0037191000000000004,5.17719724956,0.0,11.904336,0.04512816,0.00322344,0.003,0.0,0.003,0.0,14.871,-0.261,23,23,0.0,0.0,0.0,0.0,0.0,0.0,0.0,0.0,0.0,0.0,0.0,0.0,0.0,0,0,0,0,0
2026,6,5,5,51,2,3.2826049999999998,0.0008954,0.00161172,4.83237303188,0.5405092,0.0024794,5.14980467152,0.007326,11.845854000000001,0.03304026,0.00161172,0.003,0.0,0.003,0.0,15.008000000000001,-0.23700000000000002,22,23,0.0,0.0,0.0,0.0,0.0,0.0,0.0,0.0,0.0,0.0,0.0,0.0,0.0,0,0,0,0,0
2026,6,5,5,51,3,3.2826049999999998,0.0008954,0.00161172,4.8484863130799996,0.5194343,0.0024794,5.169140608959999,0.007326,11.897838,0.035457840000000004,0.00161172,0.003,0.0,0.003,0.0,15.008000000000001,-0.23700000000000002,22,23,0.0,0.0,0.0,0.0,0.0,0.0,0.0,0.0,0.0,0.0,0.0,0.0,0.0,0,0,0,0,0
2026,6,5,5,51,4,3.2965999999999998,0.0017908,0.00080586,4.845263656839999,0.5504268,0.0,5.17719724956,0.007326,11.917332,0.040293,0.00080586,0.003,0.0,0.003,0.0,14.947000000000001,-0.232,22,22,0.0,0.0,0.0,0.0,0.0,0.0,0.0,0.0,0.0,0.0,0.0,0.0,0.0,0,0,0,0,0
2026,6,5,5,51,5,3.2826049999999998,0.0017908,0.00080586,4.8484863130799996,0.5553856,0.0024794,5.16752928084,0.007326,11.943324,0.023369940000000002,0.00080586,0.003,0.0,0.003,0.0,14.947000000000001,-0.232,22,23,0.0,0.0,0.0,0.0,0.0,0.0,0.0,0.0,0.0,0.0,0.0,0.0,0.0,0,0,0,0,0
2026,6,5,5,51,6,3.28416,0.0008954,0.00322344,4.8484863130799996,0.5541459,0.0,5.16752928084,0.010989,11.949822000000001,0.00644688,0.00322344,0.003,0.0,0.003,0.0,14.946,-0.22,23,23,0.0,0.0,0.0,0.0,0.0,0.0,0.0,0.0,0.0,0.0,0.0,0.0,0.0,0,0,0,0,0
2026,6,5,5,51,7,3.2826049999999998,0.0008954,0.00161172,4.85654295368,0.5541459,0.0012397,5.169140608959999,0.0,11.897838,0.03868128,0.00161172,0.003,0.0,0.003,0.0,14.946,-0.22,23,22,0.0,0.0,0.0,0.0,0.0,0.0,0.0,0.0,0.0,0.0,0.0,0.0,0.0,0,0,0,0,0
2026,6,5,5,51,8,3.2826049999999998,0.0008954,0.00080586,4.845263656839999,0.5429886,0.0012397,5.16752928084,0.007326,11.910834000000001,0.04190472,0.00080586,0.003,0.0,0.003,0.0,14.913,-0.28,23,23,0.0,0.0,0.0,0.0,0.0,0.0,0.0,0.0,0.0,0.0,0.0,0.0,0.0,0,0,0,0,0
2026,6,5,5,51,9,3.2965999999999998,0.0017908,0.00161172,4.85332029744,0.5181946000000001,0.0024794,5.169140608959999,0.007326,11.92383,0.02659338,0.00161172,0.003,0.0,0.003,0.0,15.05,-0.171,23,23,0.0,0.0,0.0,0.0,0.0,0.0,0.0,0.0,0.0,0.0,0.0,0.0,0.0,0,0,0,0,0
2026,6,5,5,51,10,3.2965999999999998,0.0017908,0.00080586,4.845263656839999,0.5367901,0.0012397,5.16269529648,0.0,11.884842,0.01289376,0.00080586,0.003,0.0,0.003,0.0,14.993,-0.179,22,22,0.0,0.0,0.0,0.0,0.0,0.0,0.0,0.0,0.0,0.0,0.0,0.0,0.0,0,0,0,0,0
2026,6,5,5,51,11,3.28105,0.0008954,0.00080586,4.83237303188,0.5343107,0.0012397,5.1804199058,0.003663,11.891340000000001,0.017728920000000002,0.00080586,0.003,0.0,0.003,0.0,14.893,-0.22,23,23,0.0,0.0,0.0,0.0,0.0,0.0,0.0,0.0,0.0,0.0,0.0,0.0,0.0,0,0,0,0,0
2026,6,5,5,51,12,3.28727,0.0,0.00080586,4.8468749849599995,0.5281122,0.0024794,5.16108396836,0.007326,11.930328000000001,0.017728920000000002,0.00080586,0.003,0.0,0.003,0.0,15.041,-0.25,23,23,0.0,0.0,0.0,0.0,0.0,0.0,0.0,0.0,0.0,0.0,0.0,0.0,0.0,0,0,0,0,0
2026,6,5,5,51,13,3.28727,0.0,0.00080586,4.85170896932,0.5305916,0.0,5.156249984,0.007326,11.930328000000001,0.03384612,0.00080586,0.003,0.0,0.003,0.0,15.041,-0.25,23,23,0.0,0.0,0.0,0.0,0.0,0.0,0.0,0.0,0.0,0.0,0.0,0.0,0.0,0,0,0,0,0
2026,6,5,5,51,14,3.279495,0.0,0.00161172,4.8581542818,0.5504268,0.0,5.17558592144,0.007326,11.897838,0.02659338,0.00161172,0.003,0.0,0.003,0.0,14.898,-0.23800000000000002,23,23,0.0,0.0,0.0,0.0,0.0,0.0,0.0,0.0,0.0,0.0,0.0,0.0,0.0,0,0,0,0,0
2026,6,5,5,51,15,3.307485,0.0017908,0.00080586,4.82753904752,0.5715017,0.0012397,5.1546386558799995,0.007326,11.930328000000001,0.02256408,0.00080586,0.003,0.0,0.003,0.0,14.948,-0.18,23,23,0.0,0.0,0.0,0.0,0.0,0.0,0.0,0.0,0.0,0.0,0.0,0.0,0.0,0,0,0,0,0
2026,6,5,5,51,16,3.29038,0.0017908,0.00161172,4.845263656839999,0.5045579,0.0024794,5.15947264024,0.0,11.85885,0.05318676,0.00161172,0.003,0.0,0.003,0.0,14.987,-0.129,22,23,0.0,0.0,0.0,0.0,0.0,0.0,0.0,0.0,0.0,0.0,0.0,0.0,0.0,0,0,0,0,0
2026,6,5,5,51,17,3.30282,0.0,0.00161172,4.85332029744,0.5157152,0.0024794,5.15786131212,0.0,11.930328000000001,0.02095236,0.00161172,0.003,0.0,0.003,0.0,14.881,-0.249,23,23,0.0,0.0,0.0,0.0,0.0,0.0,0.0,0.0,0.0,0.0,0.0,0.0,0.0,0,0,0,0,0
2026,6,5,5,51,18,3.295045,0.0008954,0.00080586,4.829150375639999,0.5615841,0.0024794,5.156249984,0.007326,11.897838,0.046739880000000004,0.00080586,0.003,0.0,0.003,0.0,14.964,-0.261,23,24,0.0,0.0,0.0,0.0,0.0,0.0,0.0,0.0,0.0,0.0,0.0,0.0,0.0,0,0,0,0,0
2026,6,5,5,51,19,3.2826049999999998,0.0017908,0.00161172,4.8500976412,0.5429886,0.0024794,5.1643066246,0.0,11.910834000000001,0.04512816,0.00161172,0.003,0.0,0.003,0.0,14.938,-0.215,23,22,0.0,0.0,0.0,0.0,0.0,0.0,0.0,0.0,0.0,0.0,0.0,0.0,0.0,0,0,0,0,0
2026,6,5,5,51,20,3.276385,0.0008954,0.00161172,4.845263656839999,0.5640635,0.0037191000000000004,5.1804199058,0.0,11.92383,0.01853478,0.00161172,0.003,0.0,0.003,0.0,14.975,-0.219,23,23,0.0,0.0,0.0,0.0,0.0,0.0,0.0,0.0,0.0,0.0,0.0,0.0,0.0,0,0,0,0,0
2026,6,5,5,51,21,3.28416,0.0017908,0.00080586,4.82753904752,0.5132358,0.0012397,5.18364256204,0.007326,11.904336,0.04754574,0.00080586,0.003,0.0,0.0,0.0,15.167,-0.17500000000000002,22,23,0.0,0.0,0.0,0.0,0.0,0.0,0.0,0.0,0.0,0.0,0.0,0.0,0.0,0,0,0,0,0
2026,6,5,5,51,22,3.279495,0.0,0.00080586,4.845263656839999,0.5479474,0.0,5.1643066246,0.007326,11.910834000000001,0.030622680000000003,0.00080586,0.003,0.0,0.003,0.0,15.006,-0.193,22,23,0.0,0.0,0.0,0.0,0.0,0.0,0.0,0.0,0.0,0.0,0.0,0.0,0.0,0,0,0,0,0
2026,6,5,5,51,23,3.28416,0.0008954,0.00161172,4.845263656839999,0.5615841,0.0024794,5.156249984,0.0,11.897838,0.007252740000000001,0.00161172,0.003,0.0,0.003,0.0,14.926,-0.271,23,22,0.0,0.0,0.0,0.0,0.0,0.0,0.0,0.0,0.0,0.0,0.0,0.0,0.0,0,0,0,0,0
2026,6,5,5,51,24,3.2965999999999998,0.0026861999999999997,0.00241758,4.85170896932,0.5442283,0.0012397,5.156249984,0.003663,11.884842,0.02095236,0.00241758,0.003,0.0,0.003,0.0,14.926,-0.271,23,22,0.0,0.0,0.0,0.0,0.0,0.0,0.0,0.0,0.0,0.0,0.0,0.0,0.0,0,0,0,0,0
2026,6,5,5,51,25,3.28727,0.0008954,0.00080586,4.83881834436,0.5355504,0.0,5.17880857768,0.007326,11.891340000000001,0.040293,0.00080586,0.003,0.0,0.003,0.0,14.926,-0.271,23,24,0.0,0.0,0.0,0.0,0.0,0.0,0.0,0.0,0.0,0.0,0.0,0.0,0.0,0,0,0,0,0
2026,6,5,5,51,26,3.2826049999999998,0.0,0.00080586,4.84042967248,0.5281122,0.0024794,5.1643066246,0.003663,11.92383,0.04351644,0.00080586,0.003,0.0,0.003,0.0,14.91,-0.326,23,23,0.0,0.0,0.0,0.0,0.0,0.0,0.0,0.0,0.0,0.0,0.0,0.0,0.0,0,0,0,0,0
2026,6,5,5,51,27,3.2826049999999998,0.0,0.00080586,4.8581542818,0.5417489,0.0,5.1546386558799995,0.007326,11.949822000000001,0.023369940000000002,0.00080586,0.003,0.0,0.003,0.0,14.91,-0.326,23,22,0.0,0.0,0.0,0.0,0.0,0.0,0.0,0.0,0.0,0.0,0.0,0.0,0.0,0,0,0,0,0
2026,6,5,5,51,28,3.2826049999999998,0.0,0.00161172,4.85332029744,0.5355504,0.0024794,5.1546386558799995,0.007326,11.936826,0.0282051,0.00161172,0.003,0.0,0.003,0.0,15.041,-0.221,22,22,0.0,0.0,0.0,0.0,0.0,0.0,0.0,0.0,0.0,0.0,0.0,0.0,0.0,0,0,0,0,0
2026,6,5,5,51,29,3.2826049999999998,0.0,0.00080586,4.82270506316,0.5256328,0.0012397,5.1707519370799995,0.003663,11.865348000000001,0.01128204,0.00080586,0.003,0.0,0.003,0.0,15.041,-0.221,22,23,0.0,0.0,0.0,0.0,0.0,0.0,0.0,0.0,0.0,0.0,0.0,0.0,0.0,0,0,0,0,0
2026,6,5,5,51,30,3.2826049999999998,0.0,0.00161172,4.845263656839999,0.5293519,0.0,5.156249984,0.010989,11.871846,0.027399240000000002,0.00161172,0.003,0.0,0.003,0.0,15.017,-0.197,22,23,0.0,0.0,0.0,0.0,0.0,0.0,0.0,0.0,0.0,0.0,0.0,0.0,0.0,0,0,0,0,0
2026,6,5,5,51,31,3.288825,0.0017908,0.00080586,4.85332029744,0.5727414000000001,0.0012397,5.156249984,0.010989,11.92383,0.027399240000000002,0.00080586,0.003,0.0,0.003,0.0,15.023,-0.226,23,22,0.0,0.0,0.0,0.0,0.0,0.0,0.0,0.0,0.0,0.0,0.0,0.0,0.0,0,0,0,0,0
2026,6,5,5,51,32,3.288825,0.0017908,0.00080586,4.8420410006,0.520674,0.0012397,5.16752928084,0.007326,11.878344,0.0362637,0.00080586,0.003,0.0,0.003,0.0,15.023,-0.226,23,23,0.0,0.0,0.0,0.0,0.0,0.0,0.0,0.0,0.0,0.0,0.0,0.0,0.0,0,0,0,0,0
2026,6,5,5,51,33,3.288825,0.0017908,0.00080586,4.8645995942799996,0.5380298,0.0012397,5.16108396836,0.007326,11.943324,0.0201465,0.00080586,0.003,0.0,0.0,0.0,15.023,-0.226,23,22,0.0,0.0,0.0,0.0,0.0,0.0,0.0,0.0,0.0,0.0,0.0,0.0,0.0,0,0,0,0,0
2026,6,5,5,51,34,3.288825,0.0017908,0.00080586,4.8259277194,0.5454680000000001,0.0024794,5.18203123392,0.0,11.85885,0.02981682,0.00080586,0.003,0.0,0.003,0.0,14.879,-0.25,23,23,0.0,0.0,0.0,0.0,0.0,0.0,0.0,0.0,0.0,0.0,0.0,0.0,0.0,0,0,0,0,0
2026,6,5,5,51,35,3.28416,0.0,0.00080586,4.83881834436,0.5405092,0.0,5.16269529648,0.007326,11.871846,0.03384612,0.00080586,0.003,0.0,0.003,0.0,14.938,-0.248,22,23,0.0,0.0,0.0,0.0,0.0,0.0,0.0,0.0,0.0,0.0,0.0,0.0,0.0,0,0,0,0,0
2026,6,5,5,51,36,3.28416,0.0,0.00080586,4.8468749849599995,0.5677826,0.0012397,5.17558592144,0.007326,11.884842,0.0201465,0.00080586,0.003,0.0,0.003,0.0,14.938,-0.248,22,23,0.0,0.0,0.0,0.0,0.0,0.0,0.0,0.0,0.0,0.0,0.0,0.0,0.0,0,0,0,0,0
2026,6,5,5,51,37,3.28416,0.0017908,0.0,4.845263656839999,0.5305916,0.0012397,5.17558592144,0.007326,11.904336,0.01692306,0.0,0.003,0.0,0.003,0.0,14.941,-0.16,23,23,0.0,0.0,0.0,0.0,0.0,0.0,0.0,0.0,0.0,0.0,0.0,0.0,0.0,0,0,0,0,0
2026,6,5,5,51,38,3.2965999999999998,0.0017908,0.00161172,4.82753904752,0.5405092,0.0,5.185253890159999,0.010989,11.878344,0.03706956,0.00161172,0.003,0.0,0.003,0.0,14.941,-0.16,23,23,0.0,0.0,0.0,0.0,0.0,0.0,0.0,0.0,0.0,0.0,0.0,0.0,0.0,0,0,0,0,0
2026,6,5,5,51,39,3.2997099999999997,0.0017908,0.00080586,4.829150375639999,0.520674,0.0024794,5.18203123392,0.007326,11.904336,0.030622680000000003,0.00080586,0.003,0.0,0.003,0.0,14.975,-0.20800000000000002,23,23,0.0,0.0,0.0,0.0,0.0,0.0,0.0,0.0,0.0,0.0,0.0,0.0,0.0,0,0,0,0,0
2026,6,5,5,51,40,3.2997099999999997,0.0017908,0.00161172,4.83881834436,0.5516665000000001,0.0012397,5.18203123392,0.003663,11.878344,0.03787542,0.00161172,0.003,0.0,0.003,0.0,14.975,-0.20800000000000002,23,23,0.0,0.0,0.0,0.0,0.0,0.0,0.0,0.0,0.0,0.0,0.0,0.0,0.0,0,0,0,0,0
2026,6,5,5,51,41,3.301265,0.0017908,0.00241758,4.845263656839999,0.5305916,0.0,5.156249984,0.010989,11.891340000000001,0.02095236,0.00241758,0.003,0.0,0.003,0.0,14.928,-0.251,23,24,0.0,0.0,0.0,0.0,0.0,0.0,0.0,0.0,0.0,0.0,0.0,0.0,0.0,0,0,0,0,0
2026,6,5,5,51,42,3.301265,0.0017908,0.00161172,4.85493162556,0.5566253,0.0024794,5.1546386558799995,0.0,11.930328000000001,0.040293,0.00161172,0.003,0.0,0.003,0.0,14.928,-0.251,23,23,0.0,0.0,0.0,0.0,0.0,0.0,0.0,0.0,0.0,0.0,0.0,0.0,0.0,0,0,0,0,0
2026,6,5,5,51,43,3.29038,0.0,0.00080586,4.83398436,0.5516665000000001,0.0024794,5.17558592144,0.007326,11.884842,0.039487140000000004,0.00080586,0.003,0.0,0.003,0.0,14.928,-0.251,23,23,0.0,0.0,0.0,0.0,0.0,0.0,0.0,0.0,0.0,0.0,0.0,0.0,0.0,0,0,0,0,0
2026,6,5,5,51,44,3.29038,0.0,0.00161172,4.829150375639999,0.5566253,0.0,5.18203123392,0.007326,11.95632,0.017728920000000002,0.00161172,0.003,0.0,0.003,0.0,14.963000000000001,-0.25,22,24,0.0,0.0,0.0,0.0,0.0,0.0,0.0,0.0,0.0,0.0,0.0,0.0,0.0,0,0,0,0,0
2026,6,5,5,51,45,3.29038,0.0,0.00080586,4.8468749849599995,0.5281122,0.0024794,5.16752928084,0.007326,11.936826,0.0161172,0.00080586,0.003,0.0,0.003,0.0,14.963000000000001,-0.25,22,23,0.0,0.0,0.0,0.0,0.0,0.0,0.0,0.0,0.0,0.0,0.0,0.0,0.0,0,0,0,0,0
2026,6,5,5,51,46,3.29038,0.0,0.00161172,4.85654295368,0.5541459,0.0024794,5.17397459332,0.0,11.95632,0.01289376,0.00161172,0.003,0.0,0.003,0.0,14.905000000000001,-0.219,23,22,0.0,0.0,0.0,0.0,0.0,0.0,0.0,0.0,0.0,0.0,0.0,0.0,0.0,0,0,0,0,0
2026,6,5,5,51,47,3.29038,0.0,0.00080586,4.845263656839999,0.5479474,0.0012397,5.169140608959999,0.007326,11.884842,0.00967032,0.00080586,0.003,0.0,0.003,0.0,14.905000000000001,-0.219,23,24,0.0,0.0,0.0,0.0,0.0,0.0,0.0,0.0,0.0,0.0,0.0,0.0,0.0,0,0,0,0,0
2026,6,5,5,51,48,3.295045,0.0,0.00161172,4.8484863130799996,0.5553856,0.0012397,5.15786131212,0.003663,11.949822000000001,0.00322344,0.00161172,0.003,0.0,0.003,0.0,14.986,-0.23700000000000002,23,23,0.0,0.0,0.0,0.0,0.0,0.0,0.0,0.0,0.0,0.0,0.0,0.0,0.0,0,0,0,0,0
2026,6,5,5,51,49,3.279495,0.0017908,0.00080586,4.85332029744,0.5491871,0.0024794,5.15786131212,0.0,11.910834000000001,0.01047618,0.00080586,0.003,0.0,0.003,0.0,14.913,-0.23700000000000002,23,22,0.0,0.0,0.0,0.0,0.0,0.0,0.0,0.0,0.0,0.0,0.0,0.0,0.0,0,0,0,0,0
2026,6,5,5,51,50,3.2826049999999998,0.0008954,0.00080586,4.845263656839999,0.5516665000000001,0.0024794,5.16752928084,0.003663,11.884842,0.03384612,0.00080586,0.003,0.0,0.003,0.0,14.913,-0.23700000000000002,23,23,0.0,0.0,0.0,0.0,0.0,0.0,0.0,0.0,0.0,0.0,0.0,0.0,0.0,0,0,0,0,0
2026,6,5,5,51,51,3.279495,0.0008954,0.00080586,4.85170896932,0.5454680000000001,0.0024794,5.16108396836,0.0,11.917332,0.0322344,0.00080586,0.003,0.0,0.003,0.0,14.981,-0.226,23,22,0.0,0.0,0.0,0.0,0.0,0.0,0.0,0.0,0.0,0.0,0.0,0.0,0.0,0,0,0,0,0
2026,6,5,5,51,52,3.295045,0.0008954,0.00080586,4.83720701624,0.5479474,0.0012397,5.1546386558799995,0.010989,11.949822000000001,0.07816842,0.00080586,0.003,0.0,0.003,0.0,14.981,-0.226,23,22,0.0,0.0,0.0,0.0,0.0,0.0,0.0,0.0,0.0,0.0,0.0,0.0,0.0,0,0,0,0,0
2026,6,5,5,51,53,3.2826049999999998,0.0,0.00241758,4.83237303188,0.557865,0.0024794,5.15947264024,0.0,11.852352,0.0322344,0.00241758,0.003,0.0,0.003,0.0,14.957,-0.261,23,24,0.0,0.0,0.0,0.0,0.0,0.0,0.0,0.0,0.0,0.0,0.0,0.0,0.0,0,0,0,0,0
2026,6,5,5,51,54,3.2826049999999998,0.0,0.00080586,4.861376938039999,0.5194343,0.0024794,5.15141599964,0.007326,11.92383,0.0161172,0.00080586,0.003,0.0,0.003,0.0,14.987,-0.212,23,23,0.0,0.0,0.0,0.0,0.0,0.0,0.0,0.0,0.0,0.0,0.0,0.0,0.0,0,0,0,0,0
2026,6,5,5,51,55,3.29038,0.0008954,0.00080586,4.83881834436,0.5777002,0.0012397,5.18364256204,0.007326,11.95632,0.04190472,0.00080586,0.003,0.0,0.003,0.0,14.925,-0.228,22,24,0.0,0.0,0.0,0.0,0.0,0.0,0.0,0.0,0.0,0.0,0.0,0.0,0.0,0,0,0,0,0
2026,6,5,5,51,56,3.29038,0.0008954,0.00080586,4.85654295368,0.5739811,0.0024794,5.15786131212,0.007326,11.936826,0.02578752,0.00080586,0.003,0.0,0.003,0.0,14.925,-0.228,22,24,0.0,0.0,0.0,0.0,0.0,0.0,0.0,0.0,0.0,0.0,0.0,0.0,0.0,0,0,0,0,0
2026,6,5,5,51,57,3.2826049999999998,0.0008954,0.00241758,4.845263656839999,0.5690223,0.0,5.1385253746799995,0.007326,11.852352,0.046739880000000004,0.00241758,0.003,0.0,0.003,0.0,14.866,-0.219,23,23,0.0,0.0,0.0,0.0,0.0,0.0,0.0,0.0,0.0,0.0,0.0,0.0,0.0,0,0,0,0,0
2026,6,5,5,51,58,3.2997099999999997,0.0008954,0.00241758,4.85493162556,0.5615841,0.0024794,5.1546386558799995,0.0,11.910834000000001,0.07333326,0.00241758,0.003,0.0,0.003,0.0,15.094000000000001,-0.251,22,23,0.0,0.0,0.0,0.0,0.0,0.0,0.0,0.0,0.0,0.0,0.0,0.0,0.0,0,0,0,0,0
2026,6,5,5,51,59,3.279495,0.0,0.00161172,4.845263656839999,0.5380298,0.0,5.18203123392,0.007326,11.884842,0.042710580000000005,0.00161172,0.003,0.0,0.003,0.0,14.995000000000001,-0.151,23,22,0.0,0.0,0.0,0.0,0.0,0.0,0.0,0.0,0.0,0.0,0.0,0.0,0.0,0,0,0,0,0
2026,6,5,5,52,0,3.301265,0.0008954,0.00080586,4.83881834436,0.5529062,0.0024794,5.16108396836,0.007326,11.949822000000001,0.04190472,0.00080586,0.003,0.0,0.003,0.0,15.013,-0.213,22,24,0.0,0.0,0.0,0.0,0.0,0.0,0.0,0.0,0.0,0.0,0.0,0.0,0.0,0,0,0,0,0
2026,6,5,5,52,1,3.301265,0.0008954,0.00080586,4.845263656839999,0.5243931000000001,0.0,5.15947264024,0.003663,11.897838,0.02175822,0.00080586,0.003,0.0,0.003,0.0,15.007,-0.194,23,22,0.0,0.0,0.0,0.0,0.0,0.0,0.0,0.0,0.0,0.0,0.0,0.0,0.0,0,0,0,0,0
2026,6,5,5,52,2,3.291935,0.0,0.00080586,4.85332029744,0.5243931000000001,0.0037191000000000004,5.1546386558799995,0.0,11.936826,0.0201465,0.00080586,0.003,0.0,0.003,0.0,14.996,-0.227,23,23,0.0,0.0,0.0,0.0,0.0,0.0,0.0,0.0,0.0,0.0,0.0,0.0,0.0,0,0,0,0,0
2026,6,5,5,52,3,3.291935,0.0,0.00241758,4.845263656839999,0.5566253,0.0037191000000000004,5.1884765464,0.0,11.871846,0.042710580000000005,0.00241758,0.003,0.0,0.003,0.0,14.996,-0.227,23,22,0.0,0.0,0.0,0.0,0.0,0.0,0.0,0.0,0.0,0.0,0.0,0.0,0.0,0,0,0,0,0
2026,6,5,5,52,4,3.2965999999999998,0.0008954,0.00322344,4.845263656839999,0.5405092,0.0,5.1643066246,0.010989,11.936826,0.01853478,0.00322344,0.003,0.0,0.003,0.0,14.959,-0.184,23,22,0.0,0.0,0.0,0.0,0.0,0.0,0.0,0.0,0.0,0.0,0.0,0.0,0.0,0,0,0,0,0
2026,6,5,5,52,5,3.288825,0.0008954,0.00080586,4.8259277194,0.5281122,0.0024794,5.15947264024,0.003663,11.917332,0.03787542,0.00080586,0.003,0.0,0.003,0.0,14.928,-0.202,23,23,0.0,0.0,0.0,0.0,0.0,0.0,0.0,0.0,0.0,0.0,0.0,0.0,0.0,0,0,0,0,0
2026,6,5,5,52,6,3.28416,0.0008954,0.00161172,4.82753904752,0.5529062,0.0012397,5.1723632652,0.007326,11.871846,0.02095236,0.00161172,0.003,0.0,0.003,0.0,14.951,-0.224,22,23,0.0,0.0,0.0,0.0,0.0,0.0,0.0,0.0,0.0,0.0,0.0,0.0,0.0,0,0,0,0,0
